[dotenv@17.2.3] injecting env (3) from .env -- tip: 🔐 encrypt with Dotenvx: https://dotenvx.com
🛡️  Sentry: Market Watch Active (Crypto + Alpaca Stocks)...
[2026-02-07T03:13:07.865Z] Sentry: Pinging Markets...
✅ Sentry: Synced 18 assets to /Users/zerbytheboss/.openclaw/workspace/AION_MARKET_DATA.json
[2026-02-07T03:14:08.363Z] Sentry: Pinging Markets...
✅ Sentry: Synced 18 assets to /Users/zerbytheboss/.openclaw/workspace/AION_MARKET_DATA.json
[2026-02-07T03:15:08.744Z] Sentry: Pinging Markets...
✅ Sentry: Synced 18 assets to /Users/zerbytheboss/.openclaw/workspace/AION_MARKET_DATA.json
[2026-02-07T03:16:09.161Z] Sentry: Pinging Markets...
✅ Sentry: Synced 18 assets to /Users/zerbytheboss/.openclaw/workspace/AION_MARKET_DATA.json
[2026-02-07T03:17:09.604Z] Sentry: Pinging Markets...
✅ Sentry: Synced 18 assets to /Users/zerbytheboss/.openclaw/workspace/AION_MARKET_DATA.json
[2026-02-07T03:18:10.016Z] Sentry: Pinging Markets...
✅ Sentry: Synced 18 assets to /Users/zerbytheboss/.openclaw/workspace/AION_MARKET_DATA.json
[2026-02-07T03:19:10.339Z] Sentry: Pinging Markets...
✅ Sentry: Synced 18 assets to /Users/zerbytheboss/.openclaw/workspace/AION_MARKET_DATA.json
[2026-02-07T03:20:10.655Z] Sentry: Pinging Markets...
✅ Sentry: Synced 18 assets to /Users/zerbytheboss/.openclaw/workspace/AION_MARKET_DATA.json
[2026-02-07T03:21:11.047Z] Sentry: Pinging Markets...
✅ Sentry: Synced 18 assets to /Users/zerbytheboss/.openclaw/workspace/AION_MARKET_DATA.json
[2026-02-07T03:22:11.357Z] Sentry: Pinging Markets...
✅ Sentry: Synced 18 assets to /Users/zerbytheboss/.openclaw/workspace/AION_MARKET_DATA.json
[2026-02-07T03:23:11.757Z] Sentry: Pinging Markets...
✅ Sentry: Synced 18 assets to /Users/zerbytheboss/.openclaw/workspace/AION_MARKET_DATA.json
[2026-02-07T03:24:12.093Z] Sentry: Pinging Markets...
✅ Sentry: Synced 18 assets to /Users/zerbytheboss/.openclaw/workspace/AION_MARKET_DATA.json
[2026-02-07T03:25:12.523Z] Sentry: Pinging Markets...
✅ Sentry: Synced 18 assets to /Users/zerbytheboss/.openclaw/workspace/AION_MARKET_DATA.json
[2026-02-07T03:26:12.884Z] Sentry: Pinging Markets...
✅ Sentry: Synced 18 assets to /Users/zerbytheboss/.openclaw/workspace/AION_MARKET_DATA.json
[2026-02-07T03:27:13.242Z] Sentry: Pinging Markets...
✅ Sentry: Synced 18 assets to /Users/zerbytheboss/.openclaw/workspace/AION_MARKET_DATA.json
[2026-02-07T03:28:13.619Z] Sentry: Pinging Markets...
✅ Sentry: Synced 18 assets to /Users/zerbytheboss/.openclaw/workspace/AION_MARKET_DATA.json
[2026-02-07T03:29:13.924Z] Sentry: Pinging Markets...
✅ Sentry: Synced 18 assets to /Users/zerbytheboss/.openclaw/workspace/AION_MARKET_DATA.json
[2026-02-07T03:30:14.242Z] Sentry: Pinging Markets...
✅ Sentry: Synced 18 assets to /Users/zerbytheboss/.openclaw/workspace/AION_MARKET_DATA.json
[2026-02-07T03:31:14.542Z] Sentry: Pinging Markets...
✅ Sentry: Synced 18 assets to /Users/zerbytheboss/.openclaw/workspace/AION_MARKET_DATA.json
[2026-02-07T03:32:14.949Z] Sentry: Pinging Markets...
✅ Sentry: Synced 18 assets to /Users/zerbytheboss/.openclaw/workspace/AION_MARKET_DATA.json
[2026-02-07T03:33:15.396Z] Sentry: Pinging Markets...
✅ Sentry: Synced 18 assets to /Users/zerbytheboss/.openclaw/workspace/AION_MARKET_DATA.json
[2026-02-07T03:34:15.761Z] Sentry: Pinging Markets...
✅ Sentry: Synced 18 assets to /Users/zerbytheboss/.openclaw/workspace/AION_MARKET_DATA.json
[2026-02-07T03:35:16.122Z] Sentry: Pinging Markets...
✅ Sentry: Synced 18 assets to /Users/zerbytheboss/.openclaw/workspace/AION_MARKET_DATA.json
[2026-02-07T03:36:16.467Z] Sentry: Pinging Markets...
✅ Sentry: Synced 18 assets to /Users/zerbytheboss/.openclaw/workspace/AION_MARKET_DATA.json
[2026-02-07T03:37:16.798Z] Sentry: Pinging Markets...
✅ Sentry: Synced 18 assets to /Users/zerbytheboss/.openclaw/workspace/AION_MARKET_DATA.json
[2026-02-07T03:38:17.251Z] Sentry: Pinging Markets...
✅ Sentry: Synced 18 assets to /Users/zerbytheboss/.openclaw/workspace/AION_MARKET_DATA.json
[2026-02-07T03:39:17.557Z] Sentry: Pinging Markets...
✅ Sentry: Synced 18 assets to /Users/zerbytheboss/.openclaw/workspace/AION_MARKET_DATA.json
[2026-02-07T03:40:17.882Z] Sentry: Pinging Markets...
✅ Sentry: Synced 18 assets to /Users/zerbytheboss/.openclaw/workspace/AION_MARKET_DATA.json
[2026-02-07T03:41:18.295Z] Sentry: Pinging Markets...
✅ Sentry: Synced 18 assets to /Users/zerbytheboss/.openclaw/workspace/AION_MARKET_DATA.json
[2026-02-07T03:42:18.666Z] Sentry: Pinging Markets...
✅ Sentry: Synced 18 assets to /Users/zerbytheboss/.openclaw/workspace/AION_MARKET_DATA.json
[2026-02-07T03:43:19.052Z] Sentry: Pinging Markets...
✅ Sentry: Synced 18 assets to /Users/zerbytheboss/.openclaw/workspace/AION_MARKET_DATA.json
[2026-02-07T03:44:19.379Z] Sentry: Pinging Markets...
✅ Sentry: Synced 18 assets to /Users/zerbytheboss/.openclaw/workspace/AION_MARKET_DATA.json
[2026-02-07T03:45:19.844Z] Sentry: Pinging Markets...
✅ Sentry: Synced 18 assets to /Users/zerbytheboss/.openclaw/workspace/AION_MARKET_DATA.json
[2026-02-07T03:46:20.165Z] Sentry: Pinging Markets...
✅ Sentry: Synced 18 assets to /Users/zerbytheboss/.openclaw/workspace/AION_MARKET_DATA.json
[2026-02-07T03:47:20.593Z] Sentry: Pinging Markets...
✅ Sentry: Synced 18 assets to /Users/zerbytheboss/.openclaw/workspace/AION_MARKET_DATA.json
[2026-02-07T03:48:20.970Z] Sentry: Pinging Markets...
✅ Sentry: Synced 18 assets to /Users/zerbytheboss/.openclaw/workspace/AION_MARKET_DATA.json
[2026-02-07T03:49:21.338Z] Sentry: Pinging Markets...
✅ Sentry: Synced 18 assets to /Users/zerbytheboss/.openclaw/workspace/AION_MARKET_DATA.json
[2026-02-07T03:50:21.646Z] Sentry: Pinging Markets...
✅ Sentry: Synced 18 assets to /Users/zerbytheboss/.openclaw/workspace/AION_MARKET_DATA.json
[2026-02-07T03:51:21.974Z] Sentry: Pinging Markets...
✅ Sentry: Synced 18 assets to /Users/zerbytheboss/.openclaw/workspace/AION_MARKET_DATA.json
[2026-02-07T03:52:22.287Z] Sentry: Pinging Markets...
✅ Sentry: Synced 18 assets to /Users/zerbytheboss/.openclaw/workspace/AION_MARKET_DATA.json
[2026-02-07T03:53:22.637Z] Sentry: Pinging Markets...
✅ Sentry: Synced 18 assets to /Users/zerbytheboss/.openclaw/workspace/AION_MARKET_DATA.json
[2026-02-07T03:54:23.038Z] Sentry: Pinging Markets...
✅ Sentry: Synced 18 assets to /Users/zerbytheboss/.openclaw/workspace/AION_MARKET_DATA.json
[2026-02-07T03:55:23.388Z] Sentry: Pinging Markets...
✅ Sentry: Synced 18 assets to /Users/zerbytheboss/.openclaw/workspace/AION_MARKET_DATA.json
[2026-02-07T03:56:23.775Z] Sentry: Pinging Markets...
✅ Sentry: Synced 18 assets to /Users/zerbytheboss/.openclaw/workspace/AION_MARKET_DATA.json
[2026-02-07T03:57:24.176Z] Sentry: Pinging Markets...
✅ Sentry: Synced 18 assets to /Users/zerbytheboss/.openclaw/workspace/AION_MARKET_DATA.json
[2026-02-07T03:58:24.547Z] Sentry: Pinging Markets...
✅ Sentry: Synced 18 assets to /Users/zerbytheboss/.openclaw/workspace/AION_MARKET_DATA.json
[2026-02-07T03:59:24.877Z] Sentry: Pinging Markets...
Crypto Fetch Error: HTTP 429: {"status":{"error_code":429,"error_message":"You've exceeded the Rate Limit. Please visit https://www.coingecko.com/en/api/pricing to subscribe to our API plans for higher rate limits."}}
✅ Sentry: Synced 15 assets to /Users/zerbytheboss/.openclaw/workspace/AION_MARKET_DATA.json
[2026-02-07T04:00:25.346Z] Sentry: Pinging Markets...
✅ Sentry: Synced 18 assets to /Users/zerbytheboss/.openclaw/workspace/AION_MARKET_DATA.json
[2026-02-07T04:01:25.679Z] Sentry: Pinging Markets...
✅ Sentry: Synced 18 assets to /Users/zerbytheboss/.openclaw/workspace/AION_MARKET_DATA.json
[2026-02-07T04:02:26.079Z] Sentry: Pinging Markets...
✅ Sentry: Synced 18 assets to /Users/zerbytheboss/.openclaw/workspace/AION_MARKET_DATA.json
[2026-02-07T04:03:26.522Z] Sentry: Pinging Markets...
Crypto Fetch Error: HTTP 429: {"status":{"error_code":429,"error_message":"You've exceeded the Rate Limit. Please visit https://www.coingecko.com/en/api/pricing to subscribe to our API plans for higher rate limits."}}
✅ Sentry: Synced 15 assets to /Users/zerbytheboss/.openclaw/workspace/AION_MARKET_DATA.json
[2026-02-07T04:04:26.855Z] Sentry: Pinging Markets...
Crypto Fetch Error: HTTP 429: {"status":{"error_code":429,"error_message":"You've exceeded the Rate Limit. Please visit https://www.coingecko.com/en/api/pricing to subscribe to our API plans for higher rate limits."}}
✅ Sentry: Synced 15 assets to /Users/zerbytheboss/.openclaw/workspace/AION_MARKET_DATA.json
[2026-02-07T04:05:27.216Z] Sentry: Pinging Markets...
✅ Sentry: Synced 18 assets to /Users/zerbytheboss/.openclaw/workspace/AION_MARKET_DATA.json
[2026-02-07T04:06:27.542Z] Sentry: Pinging Markets...
✅ Sentry: Synced 18 assets to /Users/zerbytheboss/.openclaw/workspace/AION_MARKET_DATA.json
[2026-02-07T04:07:27.938Z] Sentry: Pinging Markets...
✅ Sentry: Synced 18 assets to /Users/zerbytheboss/.openclaw/workspace/AION_MARKET_DATA.json
[2026-02-07T04:08:28.247Z] Sentry: Pinging Markets...
✅ Sentry: Synced 18 assets to /Users/zerbytheboss/.openclaw/workspace/AION_MARKET_DATA.json
[2026-02-07T04:09:28.672Z] Sentry: Pinging Markets...
✅ Sentry: Synced 18 assets to /Users/zerbytheboss/.openclaw/workspace/AION_MARKET_DATA.json
[2026-02-07T04:10:29.127Z] Sentry: Pinging Markets...
Crypto Fetch Error: HTTP 429: {"status":{"error_code":429,"error_message":"You've exceeded the Rate Limit. Please visit https://www.coingecko.com/en/api/pricing to subscribe to our API plans for higher rate limits."}}
✅ Sentry: Synced 15 assets to /Users/zerbytheboss/.openclaw/workspace/AION_MARKET_DATA.json
[2026-02-07T04:11:29.484Z] Sentry: Pinging Markets...
Crypto Fetch Error: HTTP 429: {"status":{"error_code":429,"error_message":"You've exceeded the Rate Limit. Please visit https://www.coingecko.com/en/api/pricing to subscribe to our API plans for higher rate limits."}}
✅ Sentry: Synced 15 assets to /Users/zerbytheboss/.openclaw/workspace/AION_MARKET_DATA.json
[2026-02-07T04:12:29.799Z] Sentry: Pinging Markets...
✅ Sentry: Synced 18 assets to /Users/zerbytheboss/.openclaw/workspace/AION_MARKET_DATA.json
[2026-02-07T04:13:30.111Z] Sentry: Pinging Markets...
✅ Sentry: Synced 18 assets to /Users/zerbytheboss/.openclaw/workspace/AION_MARKET_DATA.json
[2026-02-07T04:14:30.421Z] Sentry: Pinging Markets...
✅ Sentry: Synced 18 assets to /Users/zerbytheboss/.openclaw/workspace/AION_MARKET_DATA.json
[2026-02-07T04:15:30.827Z] Sentry: Pinging Markets...
✅ Sentry: Synced 18 assets to /Users/zerbytheboss/.openclaw/workspace/AION_MARKET_DATA.json
[2026-02-07T04:16:31.149Z] Sentry: Pinging Markets...
✅ Sentry: Synced 18 assets to /Users/zerbytheboss/.openclaw/workspace/AION_MARKET_DATA.json
[2026-02-07T04:17:31.576Z] Sentry: Pinging Markets...
✅ Sentry: Synced 18 assets to /Users/zerbytheboss/.openclaw/workspace/AION_MARKET_DATA.json
[2026-02-07T04:18:31.946Z] Sentry: Pinging Markets...
✅ Sentry: Synced 18 assets to /Users/zerbytheboss/.openclaw/workspace/AION_MARKET_DATA.json
[2026-02-07T04:19:32.311Z] Sentry: Pinging Markets...
✅ Sentry: Synced 18 assets to /Users/zerbytheboss/.openclaw/workspace/AION_MARKET_DATA.json
[2026-02-07T04:20:32.635Z] Sentry: Pinging Markets...
✅ Sentry: Synced 18 assets to /Users/zerbytheboss/.openclaw/workspace/AION_MARKET_DATA.json
[2026-02-07T04:21:32.958Z] Sentry: Pinging Markets...
✅ Sentry: Synced 18 assets to /Users/zerbytheboss/.openclaw/workspace/AION_MARKET_DATA.json
[2026-02-07T04:22:33.323Z] Sentry: Pinging Markets...
Crypto Fetch Error: HTTP 429: {"status":{"error_code":429,"error_message":"You've exceeded the Rate Limit. Please visit https://www.coingecko.com/en/api/pricing to subscribe to our API plans for higher rate limits."}}
✅ Sentry: Synced 15 assets to /Users/zerbytheboss/.openclaw/workspace/AION_MARKET_DATA.json
[2026-02-07T04:23:33.737Z] Sentry: Pinging Markets...
Crypto Fetch Error: HTTP 429: {"status":{"error_code":429,"error_message":"You've exceeded the Rate Limit. Please visit https://www.coingecko.com/en/api/pricing to subscribe to our API plans for higher rate limits."}}
✅ Sentry: Synced 15 assets to /Users/zerbytheboss/.openclaw/workspace/AION_MARKET_DATA.json
[2026-02-07T04:24:34.052Z] Sentry: Pinging Markets...
✅ Sentry: Synced 18 assets to /Users/zerbytheboss/.openclaw/workspace/AION_MARKET_DATA.json
[2026-02-07T04:25:34.463Z] Sentry: Pinging Markets...
✅ Sentry: Synced 18 assets to /Users/zerbytheboss/.openclaw/workspace/AION_MARKET_DATA.json
[2026-02-07T04:26:34.853Z] Sentry: Pinging Markets...
✅ Sentry: Synced 18 assets to /Users/zerbytheboss/.openclaw/workspace/AION_MARKET_DATA.json
[2026-02-07T04:27:35.243Z] Sentry: Pinging Markets...
✅ Sentry: Synced 18 assets to /Users/zerbytheboss/.openclaw/workspace/AION_MARKET_DATA.json
[2026-02-07T04:28:35.557Z] Sentry: Pinging Markets...
✅ Sentry: Synced 18 assets to /Users/zerbytheboss/.openclaw/workspace/AION_MARKET_DATA.json
[2026-02-07T04:29:35.906Z] Sentry: Pinging Markets...
Crypto Fetch Error: HTTP 429: {"status":{"error_code":429,"error_message":"You've exceeded the Rate Limit. Please visit https://www.coingecko.com/en/api/pricing to subscribe to our API plans for higher rate limits."}}
✅ Sentry: Synced 15 assets to /Users/zerbytheboss/.openclaw/workspace/AION_MARKET_DATA.json
[2026-02-07T04:30:36.339Z] Sentry: Pinging Markets...
Crypto Fetch Error: HTTP 429: {"status":{"error_code":429,"error_message":"You've exceeded the Rate Limit. Please visit https://www.coingecko.com/en/api/pricing to subscribe to our API plans for higher rate limits."}}
✅ Sentry: Synced 15 assets to /Users/zerbytheboss/.openclaw/workspace/AION_MARKET_DATA.json
[2026-02-07T04:31:36.773Z] Sentry: Pinging Markets...
✅ Sentry: Synced 18 assets to /Users/zerbytheboss/.openclaw/workspace/AION_MARKET_DATA.json
[2026-02-07T04:32:37.147Z] Sentry: Pinging Markets...
✅ Sentry: Synced 18 assets to /Users/zerbytheboss/.openclaw/workspace/AION_MARKET_DATA.json
[2026-02-07T04:33:37.518Z] Sentry: Pinging Markets...
✅ Sentry: Synced 18 assets to /Users/zerbytheboss/.openclaw/workspace/AION_MARKET_DATA.json
[2026-02-07T04:34:37.849Z] Sentry: Pinging Markets...
✅ Sentry: Synced 18 assets to /Users/zerbytheboss/.openclaw/workspace/AION_MARKET_DATA.json
[2026-02-07T04:35:38.161Z] Sentry: Pinging Markets...
✅ Sentry: Synced 18 assets to /Users/zerbytheboss/.openclaw/workspace/AION_MARKET_DATA.json
[2026-02-07T04:36:38.468Z] Sentry: Pinging Markets...
Crypto Fetch Error: HTTP 429: {"status":{"error_code":429,"error_message":"You've exceeded the Rate Limit. Please visit https://www.coingecko.com/en/api/pricing to subscribe to our API plans for higher rate limits."}}
✅ Sentry: Synced 15 assets to /Users/zerbytheboss/.openclaw/workspace/AION_MARKET_DATA.json
[2026-02-07T04:37:38.804Z] Sentry: Pinging Markets...
Crypto Fetch Error: HTTP 429: {"status":{"error_code":429,"error_message":"You've exceeded the Rate Limit. Please visit https://www.coingecko.com/en/api/pricing to subscribe to our API plans for higher rate limits."}}
✅ Sentry: Synced 15 assets to /Users/zerbytheboss/.openclaw/workspace/AION_MARKET_DATA.json
[2026-02-07T04:38:39.223Z] Sentry: Pinging Markets...
✅ Sentry: Synced 18 assets to /Users/zerbytheboss/.openclaw/workspace/AION_MARKET_DATA.json
[2026-02-07T04:39:39.554Z] Sentry: Pinging Markets...
✅ Sentry: Synced 18 assets to /Users/zerbytheboss/.openclaw/workspace/AION_MARKET_DATA.json
[2026-02-07T04:40:39.982Z] Sentry: Pinging Markets...
✅ Sentry: Synced 18 assets to /Users/zerbytheboss/.openclaw/workspace/AION_MARKET_DATA.json
[2026-02-07T04:41:40.374Z] Sentry: Pinging Markets...
✅ Sentry: Synced 18 assets to /Users/zerbytheboss/.openclaw/workspace/AION_MARKET_DATA.json
[2026-02-07T04:42:40.719Z] Sentry: Pinging Markets...
✅ Sentry: Synced 18 assets to /Users/zerbytheboss/.openclaw/workspace/AION_MARKET_DATA.json
[2026-02-07T04:43:41.246Z] Sentry: Pinging Markets...
✅ Sentry: Synced 18 assets to /Users/zerbytheboss/.openclaw/workspace/AION_MARKET_DATA.json
[2026-02-07T04:44:41.673Z] Sentry: Pinging Markets...
✅ Sentry: Synced 18 assets to /Users/zerbytheboss/.openclaw/workspace/AION_MARKET_DATA.json
[2026-02-07T04:45:42.063Z] Sentry: Pinging Markets...
✅ Sentry: Synced 18 assets to /Users/zerbytheboss/.openclaw/workspace/AION_MARKET_DATA.json
[2026-02-07T04:46:42.451Z] Sentry: Pinging Markets...
Crypto Fetch Error: HTTP 429: {"status":{"error_code":429,"error_message":"You've exceeded the Rate Limit. Please visit https://www.coingecko.com/en/api/pricing to subscribe to our API plans for higher rate limits."}}
✅ Sentry: Synced 15 assets to /Users/zerbytheboss/.openclaw/workspace/AION_MARKET_DATA.json
[2026-02-07T04:47:42.826Z] Sentry: Pinging Markets...
✅ Sentry: Synced 18 assets to /Users/zerbytheboss/.openclaw/workspace/AION_MARKET_DATA.json
[2026-02-07T04:48:43.238Z] Sentry: Pinging Markets...
✅ Sentry: Synced 18 assets to /Users/zerbytheboss/.openclaw/workspace/AION_MARKET_DATA.json
[2026-02-07T04:49:43.672Z] Sentry: Pinging Markets...
✅ Sentry: Synced 18 assets to /Users/zerbytheboss/.openclaw/workspace/AION_MARKET_DATA.json
[2026-02-07T04:50:44.052Z] Sentry: Pinging Markets...
✅ Sentry: Synced 18 assets to /Users/zerbytheboss/.openclaw/workspace/AION_MARKET_DATA.json
[2026-02-07T04:51:44.450Z] Sentry: Pinging Markets...
✅ Sentry: Synced 18 assets to /Users/zerbytheboss/.openclaw/workspace/AION_MARKET_DATA.json
[2026-02-07T04:52:44.785Z] Sentry: Pinging Markets...
✅ Sentry: Synced 18 assets to /Users/zerbytheboss/.openclaw/workspace/AION_MARKET_DATA.json
[2026-02-07T04:53:45.094Z] Sentry: Pinging Markets...
✅ Sentry: Synced 18 assets to /Users/zerbytheboss/.openclaw/workspace/AION_MARKET_DATA.json
[2026-02-07T04:54:45.412Z] Sentry: Pinging Markets...
✅ Sentry: Synced 18 assets to /Users/zerbytheboss/.openclaw/workspace/AION_MARKET_DATA.json
[2026-02-07T04:55:45.834Z] Sentry: Pinging Markets...
✅ Sentry: Synced 18 assets to /Users/zerbytheboss/.openclaw/workspace/AION_MARKET_DATA.json
[2026-02-07T04:56:46.293Z] Sentry: Pinging Markets...
✅ Sentry: Synced 18 assets to /Users/zerbytheboss/.openclaw/workspace/AION_MARKET_DATA.json
[2026-02-07T04:57:46.693Z] Sentry: Pinging Markets...
✅ Sentry: Synced 18 assets to /Users/zerbytheboss/.openclaw/workspace/AION_MARKET_DATA.json
[2026-02-07T04:58:47.021Z] Sentry: Pinging Markets...
✅ Sentry: Synced 18 assets to /Users/zerbytheboss/.openclaw/workspace/AION_MARKET_DATA.json
[2026-02-07T04:59:47.358Z] Sentry: Pinging Markets...
✅ Sentry: Synced 18 assets to /Users/zerbytheboss/.openclaw/workspace/AION_MARKET_DATA.json
[2026-02-07T05:00:47.679Z] Sentry: Pinging Markets...
✅ Sentry: Synced 18 assets to /Users/zerbytheboss/.openclaw/workspace/AION_MARKET_DATA.json
[2026-02-07T05:01:48.001Z] Sentry: Pinging Markets...
✅ Sentry: Synced 18 assets to /Users/zerbytheboss/.openclaw/workspace/AION_MARKET_DATA.json
[2026-02-07T05:02:48.335Z] Sentry: Pinging Markets...
✅ Sentry: Synced 18 assets to /Users/zerbytheboss/.openclaw/workspace/AION_MARKET_DATA.json
[2026-02-07T05:03:48.731Z] Sentry: Pinging Markets...
✅ Sentry: Synced 18 assets to /Users/zerbytheboss/.openclaw/workspace/AION_MARKET_DATA.json
[2026-02-07T05:04:49.176Z] Sentry: Pinging Markets...
✅ Sentry: Synced 18 assets to /Users/zerbytheboss/.openclaw/workspace/AION_MARKET_DATA.json
[2026-02-07T05:05:49.633Z] Sentry: Pinging Markets...
✅ Sentry: Synced 18 assets to /Users/zerbytheboss/.openclaw/workspace/AION_MARKET_DATA.json
[2026-02-07T05:06:50.004Z] Sentry: Pinging Markets...
✅ Sentry: Synced 18 assets to /Users/zerbytheboss/.openclaw/workspace/AION_MARKET_DATA.json
[2026-02-07T05:07:50.440Z] Sentry: Pinging Markets...
✅ Sentry: Synced 18 assets to /Users/zerbytheboss/.openclaw/workspace/AION_MARKET_DATA.json
[2026-02-07T05:08:50.774Z] Sentry: Pinging Markets...
✅ Sentry: Synced 18 assets to /Users/zerbytheboss/.openclaw/workspace/AION_MARKET_DATA.json
[2026-02-07T05:09:51.179Z] Sentry: Pinging Markets...
✅ Sentry: Synced 18 assets to /Users/zerbytheboss/.openclaw/workspace/AION_MARKET_DATA.json
[2026-02-07T05:10:51.585Z] Sentry: Pinging Markets...
Crypto Fetch Error: HTTP 429: {"status":{"error_code":429,"error_message":"You've exceeded the Rate Limit. Please visit https://www.coingecko.com/en/api/pricing to subscribe to our API plans for higher rate limits."}}
✅ Sentry: Synced 15 assets to /Users/zerbytheboss/.openclaw/workspace/AION_MARKET_DATA.json
[2026-02-07T05:11:51.967Z] Sentry: Pinging Markets...
✅ Sentry: Synced 18 assets to /Users/zerbytheboss/.openclaw/workspace/AION_MARKET_DATA.json
[2026-02-07T05:12:52.310Z] Sentry: Pinging Markets...
✅ Sentry: Synced 18 assets to /Users/zerbytheboss/.openclaw/workspace/AION_MARKET_DATA.json
[2026-02-07T05:13:52.633Z] Sentry: Pinging Markets...
Crypto Fetch Error: HTTP 429: {"status":{"error_code":429,"error_message":"You've exceeded the Rate Limit. Please visit https://www.coingecko.com/en/api/pricing to subscribe to our API plans for higher rate limits."}}
✅ Sentry: Synced 15 assets to /Users/zerbytheboss/.openclaw/workspace/AION_MARKET_DATA.json
[2026-02-07T05:14:53.035Z] Sentry: Pinging Markets...
✅ Sentry: Synced 18 assets to /Users/zerbytheboss/.openclaw/workspace/AION_MARKET_DATA.json
[2026-02-07T05:15:53.506Z] Sentry: Pinging Markets...
✅ Sentry: Synced 18 assets to /Users/zerbytheboss/.openclaw/workspace/AION_MARKET_DATA.json
[2026-02-07T05:16:53.959Z] Sentry: Pinging Markets...
✅ Sentry: Synced 18 assets to /Users/zerbytheboss/.openclaw/workspace/AION_MARKET_DATA.json
[2026-02-07T05:17:54.286Z] Sentry: Pinging Markets...
Crypto Fetch Error: HTTP 429: {"status":{"error_code":429,"error_message":"You've exceeded the Rate Limit. Please visit https://www.coingecko.com/en/api/pricing to subscribe to our API plans for higher rate limits."}}
✅ Sentry: Synced 15 assets to /Users/zerbytheboss/.openclaw/workspace/AION_MARKET_DATA.json
[2026-02-07T05:18:54.610Z] Sentry: Pinging Markets...
✅ Sentry: Synced 18 assets to /Users/zerbytheboss/.openclaw/workspace/AION_MARKET_DATA.json
[2026-02-07T05:19:55.074Z] Sentry: Pinging Markets...
✅ Sentry: Synced 18 assets to /Users/zerbytheboss/.openclaw/workspace/AION_MARKET_DATA.json
[2026-02-07T05:20:56.154Z] Sentry: Pinging Markets...
✅ Sentry: Synced 18 assets to /Users/zerbytheboss/.openclaw/workspace/AION_MARKET_DATA.json
[2026-02-07T05:21:56.855Z] Sentry: Pinging Markets...
✅ Sentry: Synced 18 assets to /Users/zerbytheboss/.openclaw/workspace/AION_MARKET_DATA.json
[2026-02-07T05:22:57.222Z] Sentry: Pinging Markets...
✅ Sentry: Synced 18 assets to /Users/zerbytheboss/.openclaw/workspace/AION_MARKET_DATA.json
[2026-02-07T05:23:57.817Z] Sentry: Pinging Markets...
✅ Sentry: Synced 18 assets to /Users/zerbytheboss/.openclaw/workspace/AION_MARKET_DATA.json
[2026-02-07T05:24:58.265Z] Sentry: Pinging Markets...
✅ Sentry: Synced 18 assets to /Users/zerbytheboss/.openclaw/workspace/AION_MARKET_DATA.json
[2026-02-07T05:25:58.649Z] Sentry: Pinging Markets...
Crypto Fetch Error: HTTP 429: {"status":{"error_code":429,"error_message":"You've exceeded the Rate Limit. Please visit https://www.coingecko.com/en/api/pricing to subscribe to our API plans for higher rate limits."}}
✅ Sentry: Synced 15 assets to /Users/zerbytheboss/.openclaw/workspace/AION_MARKET_DATA.json
[2026-02-07T05:26:59.099Z] Sentry: Pinging Markets...
✅ Sentry: Synced 18 assets to /Users/zerbytheboss/.openclaw/workspace/AION_MARKET_DATA.json
[2026-02-07T05:27:59.521Z] Sentry: Pinging Markets...
✅ Sentry: Synced 18 assets to /Users/zerbytheboss/.openclaw/workspace/AION_MARKET_DATA.json
[2026-02-07T05:28:59.975Z] Sentry: Pinging Markets...
✅ Sentry: Synced 18 assets to /Users/zerbytheboss/.openclaw/workspace/AION_MARKET_DATA.json
[2026-02-07T05:30:00.475Z] Sentry: Pinging Markets...
✅ Sentry: Synced 18 assets to /Users/zerbytheboss/.openclaw/workspace/AION_MARKET_DATA.json
[2026-02-07T05:31:00.935Z] Sentry: Pinging Markets...
Crypto Fetch Error: HTTP 429: {"status":{"error_code":429,"error_message":"You've exceeded the Rate Limit. Please visit https://www.coingecko.com/en/api/pricing to subscribe to our API plans for higher rate limits."}}
✅ Sentry: Synced 15 assets to /Users/zerbytheboss/.openclaw/workspace/AION_MARKET_DATA.json
[2026-02-07T05:32:01.370Z] Sentry: Pinging Markets...
✅ Sentry: Synced 18 assets to /Users/zerbytheboss/.openclaw/workspace/AION_MARKET_DATA.json
[2026-02-07T05:33:01.802Z] Sentry: Pinging Markets...
✅ Sentry: Synced 18 assets to /Users/zerbytheboss/.openclaw/workspace/AION_MARKET_DATA.json
[2026-02-07T05:34:02.228Z] Sentry: Pinging Markets...
Crypto Fetch Error: HTTP 429: {"status":{"error_code":429,"error_message":"You've exceeded the Rate Limit. Please visit https://www.coingecko.com/en/api/pricing to subscribe to our API plans for higher rate limits."}}
✅ Sentry: Synced 15 assets to /Users/zerbytheboss/.openclaw/workspace/AION_MARKET_DATA.json
[2026-02-07T05:35:02.643Z] Sentry: Pinging Markets...
✅ Sentry: Synced 18 assets to /Users/zerbytheboss/.openclaw/workspace/AION_MARKET_DATA.json
[2026-02-07T05:36:02.975Z] Sentry: Pinging Markets...
Crypto Fetch Error: HTTP 429: {"status":{"error_code":429,"error_message":"You've exceeded the Rate Limit. Please visit https://www.coingecko.com/en/api/pricing to subscribe to our API plans for higher rate limits."}}
✅ Sentry: Synced 15 assets to /Users/zerbytheboss/.openclaw/workspace/AION_MARKET_DATA.json
[2026-02-07T05:37:03.374Z] Sentry: Pinging Markets...
✅ Sentry: Synced 18 assets to /Users/zerbytheboss/.openclaw/workspace/AION_MARKET_DATA.json
[2026-02-07T05:38:03.833Z] Sentry: Pinging Markets...
✅ Sentry: Synced 18 assets to /Users/zerbytheboss/.openclaw/workspace/AION_MARKET_DATA.json
[2026-02-07T05:39:04.195Z] Sentry: Pinging Markets...
Crypto Fetch Error: HTTP 429: {"status":{"error_code":429,"error_message":"You've exceeded the Rate Limit. Please visit https://www.coingecko.com/en/api/pricing to subscribe to our API plans for higher rate limits."}}
✅ Sentry: Synced 15 assets to /Users/zerbytheboss/.openclaw/workspace/AION_MARKET_DATA.json
[2026-02-07T05:40:04.549Z] Sentry: Pinging Markets...
✅ Sentry: Synced 18 assets to /Users/zerbytheboss/.openclaw/workspace/AION_MARKET_DATA.json
[2026-02-07T05:41:04.948Z] Sentry: Pinging Markets...
✅ Sentry: Synced 18 assets to /Users/zerbytheboss/.openclaw/workspace/AION_MARKET_DATA.json
[2026-02-07T05:42:05.286Z] Sentry: Pinging Markets...
✅ Sentry: Synced 18 assets to /Users/zerbytheboss/.openclaw/workspace/AION_MARKET_DATA.json
[2026-02-07T05:43:05.676Z] Sentry: Pinging Markets...
✅ Sentry: Synced 18 assets to /Users/zerbytheboss/.openclaw/workspace/AION_MARKET_DATA.json
[2026-02-07T05:44:06.065Z] Sentry: Pinging Markets...
✅ Sentry: Synced 18 assets to /Users/zerbytheboss/.openclaw/workspace/AION_MARKET_DATA.json
[2026-02-07T05:45:06.451Z] Sentry: Pinging Markets...
✅ Sentry: Synced 18 assets to /Users/zerbytheboss/.openclaw/workspace/AION_MARKET_DATA.json
[2026-02-07T05:46:06.773Z] Sentry: Pinging Markets...
Crypto Fetch Error: HTTP 429: {"status":{"error_code":429,"error_message":"You've exceeded the Rate Limit. Please visit https://www.coingecko.com/en/api/pricing to subscribe to our API plans for higher rate limits."}}
✅ Sentry: Synced 15 assets to /Users/zerbytheboss/.openclaw/workspace/AION_MARKET_DATA.json
[2026-02-07T05:47:07.124Z] Sentry: Pinging Markets...
✅ Sentry: Synced 18 assets to /Users/zerbytheboss/.openclaw/workspace/AION_MARKET_DATA.json
[2026-02-07T05:48:07.548Z] Sentry: Pinging Markets...
✅ Sentry: Synced 18 assets to /Users/zerbytheboss/.openclaw/workspace/AION_MARKET_DATA.json
[2026-02-07T05:49:07.999Z] Sentry: Pinging Markets...
✅ Sentry: Synced 18 assets to /Users/zerbytheboss/.openclaw/workspace/AION_MARKET_DATA.json
[2026-02-07T05:50:08.361Z] Sentry: Pinging Markets...
✅ Sentry: Synced 18 assets to /Users/zerbytheboss/.openclaw/workspace/AION_MARKET_DATA.json
[2026-02-07T05:51:08.773Z] Sentry: Pinging Markets...
✅ Sentry: Synced 18 assets to /Users/zerbytheboss/.openclaw/workspace/AION_MARKET_DATA.json
[2026-02-07T05:52:09.128Z] Sentry: Pinging Markets...
✅ Sentry: Synced 18 assets to /Users/zerbytheboss/.openclaw/workspace/AION_MARKET_DATA.json
[2026-02-07T05:53:09.539Z] Sentry: Pinging Markets...
✅ Sentry: Synced 18 assets to /Users/zerbytheboss/.openclaw/workspace/AION_MARKET_DATA.json
[2026-02-07T05:54:09.892Z] Sentry: Pinging Markets...
✅ Sentry: Synced 18 assets to /Users/zerbytheboss/.openclaw/workspace/AION_MARKET_DATA.json
[2026-02-07T05:55:10.301Z] Sentry: Pinging Markets...
✅ Sentry: Synced 18 assets to /Users/zerbytheboss/.openclaw/workspace/AION_MARKET_DATA.json
[2026-02-07T05:56:10.661Z] Sentry: Pinging Markets...
Crypto Fetch Error: HTTP 429: {"status":{"error_code":429,"error_message":"You've exceeded the Rate Limit. Please visit https://www.coingecko.com/en/api/pricing to subscribe to our API plans for higher rate limits."}}
✅ Sentry: Synced 15 assets to /Users/zerbytheboss/.openclaw/workspace/AION_MARKET_DATA.json
[2026-02-07T05:57:11.024Z] Sentry: Pinging Markets...
✅ Sentry: Synced 18 assets to /Users/zerbytheboss/.openclaw/workspace/AION_MARKET_DATA.json
[2026-02-07T05:58:11.367Z] Sentry: Pinging Markets...
✅ Sentry: Synced 18 assets to /Users/zerbytheboss/.openclaw/workspace/AION_MARKET_DATA.json
[2026-02-07T05:59:11.750Z] Sentry: Pinging Markets...
✅ Sentry: Synced 18 assets to /Users/zerbytheboss/.openclaw/workspace/AION_MARKET_DATA.json
[2026-02-07T06:00:12.147Z] Sentry: Pinging Markets...
✅ Sentry: Synced 18 assets to /Users/zerbytheboss/.openclaw/workspace/AION_MARKET_DATA.json
[2026-02-07T06:01:12.596Z] Sentry: Pinging Markets...
✅ Sentry: Synced 18 assets to /Users/zerbytheboss/.openclaw/workspace/AION_MARKET_DATA.json
[2026-02-07T06:02:12.979Z] Sentry: Pinging Markets...
✅ Sentry: Synced 18 assets to /Users/zerbytheboss/.openclaw/workspace/AION_MARKET_DATA.json
[2026-02-07T06:03:13.317Z] Sentry: Pinging Markets...
✅ Sentry: Synced 18 assets to /Users/zerbytheboss/.openclaw/workspace/AION_MARKET_DATA.json
[2026-02-07T06:04:13.637Z] Sentry: Pinging Markets...
✅ Sentry: Synced 18 assets to /Users/zerbytheboss/.openclaw/workspace/AION_MARKET_DATA.json
[2026-02-07T06:05:13.958Z] Sentry: Pinging Markets...
✅ Sentry: Synced 18 assets to /Users/zerbytheboss/.openclaw/workspace/AION_MARKET_DATA.json
[2026-02-07T06:06:14.281Z] Sentry: Pinging Markets...
✅ Sentry: Synced 18 assets to /Users/zerbytheboss/.openclaw/workspace/AION_MARKET_DATA.json
[2026-02-07T06:07:14.643Z] Sentry: Pinging Markets...
✅ Sentry: Synced 18 assets to /Users/zerbytheboss/.openclaw/workspace/AION_MARKET_DATA.json
[2026-02-07T06:08:15.052Z] Sentry: Pinging Markets...
✅ Sentry: Synced 18 assets to /Users/zerbytheboss/.openclaw/workspace/AION_MARKET_DATA.json
[2026-02-07T06:09:15.481Z] Sentry: Pinging Markets...
✅ Sentry: Synced 18 assets to /Users/zerbytheboss/.openclaw/workspace/AION_MARKET_DATA.json
[2026-02-07T06:10:15.861Z] Sentry: Pinging Markets...
Crypto Fetch Error: HTTP 429: {"status":{"error_code":429,"error_message":"You've exceeded the Rate Limit. Please visit https://www.coingecko.com/en/api/pricing to subscribe to our API plans for higher rate limits."}}
✅ Sentry: Synced 15 assets to /Users/zerbytheboss/.openclaw/workspace/AION_MARKET_DATA.json
[2026-02-07T06:11:16.233Z] Sentry: Pinging Markets...
✅ Sentry: Synced 18 assets to /Users/zerbytheboss/.openclaw/workspace/AION_MARKET_DATA.json
[2026-02-07T06:12:16.585Z] Sentry: Pinging Markets...
✅ Sentry: Synced 18 assets to /Users/zerbytheboss/.openclaw/workspace/AION_MARKET_DATA.json
[2026-02-07T06:13:16.950Z] Sentry: Pinging Markets...
Crypto Fetch Error: HTTP 429: {"status":{"error_code":429,"error_message":"You've exceeded the Rate Limit. Please visit https://www.coingecko.com/en/api/pricing to subscribe to our API plans for higher rate limits."}}
✅ Sentry: Synced 15 assets to /Users/zerbytheboss/.openclaw/workspace/AION_MARKET_DATA.json
[2026-02-07T06:14:17.354Z] Sentry: Pinging Markets...
Crypto Fetch Error: HTTP 429: {"status":{"error_code":429,"error_message":"You've exceeded the Rate Limit. Please visit https://www.coingecko.com/en/api/pricing to subscribe to our API plans for higher rate limits."}}
✅ Sentry: Synced 15 assets to /Users/zerbytheboss/.openclaw/workspace/AION_MARKET_DATA.json
[2026-02-07T06:15:17.770Z] Sentry: Pinging Markets...
✅ Sentry: Synced 18 assets to /Users/zerbytheboss/.openclaw/workspace/AION_MARKET_DATA.json
[2026-02-07T06:16:18.200Z] Sentry: Pinging Markets...
✅ Sentry: Synced 18 assets to /Users/zerbytheboss/.openclaw/workspace/AION_MARKET_DATA.json
[2026-02-07T06:17:18.565Z] Sentry: Pinging Markets...
✅ Sentry: Synced 18 assets to /Users/zerbytheboss/.openclaw/workspace/AION_MARKET_DATA.json
[2026-02-07T06:18:19.058Z] Sentry: Pinging Markets...
✅ Sentry: Synced 18 assets to /Users/zerbytheboss/.openclaw/workspace/AION_MARKET_DATA.json
[2026-02-07T06:19:19.500Z] Sentry: Pinging Markets...
Crypto Fetch Error: HTTP 429: {"status":{"error_code":429,"error_message":"You've exceeded the Rate Limit. Please visit https://www.coingecko.com/en/api/pricing to subscribe to our API plans for higher rate limits."}}
✅ Sentry: Synced 15 assets to /Users/zerbytheboss/.openclaw/workspace/AION_MARKET_DATA.json
[2026-02-07T06:20:19.975Z] Sentry: Pinging Markets...
✅ Sentry: Synced 18 assets to /Users/zerbytheboss/.openclaw/workspace/AION_MARKET_DATA.json
[2026-02-07T06:21:20.368Z] Sentry: Pinging Markets...
✅ Sentry: Synced 18 assets to /Users/zerbytheboss/.openclaw/workspace/AION_MARKET_DATA.json
[2026-02-07T06:22:20.781Z] Sentry: Pinging Markets...
✅ Sentry: Synced 18 assets to /Users/zerbytheboss/.openclaw/workspace/AION_MARKET_DATA.json
[2026-02-07T06:23:21.205Z] Sentry: Pinging Markets...
✅ Sentry: Synced 18 assets to /Users/zerbytheboss/.openclaw/workspace/AION_MARKET_DATA.json
[2026-02-07T06:24:21.588Z] Sentry: Pinging Markets...
✅ Sentry: Synced 18 assets to /Users/zerbytheboss/.openclaw/workspace/AION_MARKET_DATA.json
[2026-02-07T06:25:21.995Z] Sentry: Pinging Markets...
✅ Sentry: Synced 18 assets to /Users/zerbytheboss/.openclaw/workspace/AION_MARKET_DATA.json
[2026-02-07T06:26:22.320Z] Sentry: Pinging Markets...
✅ Sentry: Synced 18 assets to /Users/zerbytheboss/.openclaw/workspace/AION_MARKET_DATA.json
[2026-02-07T06:27:22.768Z] Sentry: Pinging Markets...
✅ Sentry: Synced 18 assets to /Users/zerbytheboss/.openclaw/workspace/AION_MARKET_DATA.json
[2026-02-07T06:28:23.096Z] Sentry: Pinging Markets...
✅ Sentry: Synced 18 assets to /Users/zerbytheboss/.openclaw/workspace/AION_MARKET_DATA.json
[2026-02-07T06:29:23.523Z] Sentry: Pinging Markets...
✅ Sentry: Synced 18 assets to /Users/zerbytheboss/.openclaw/workspace/AION_MARKET_DATA.json
[2026-02-07T06:30:24.042Z] Sentry: Pinging Markets...
✅ Sentry: Synced 18 assets to /Users/zerbytheboss/.openclaw/workspace/AION_MARKET_DATA.json
[2026-02-07T06:31:24.511Z] Sentry: Pinging Markets...
✅ Sentry: Synced 18 assets to /Users/zerbytheboss/.openclaw/workspace/AION_MARKET_DATA.json
[2026-02-07T06:32:24.999Z] Sentry: Pinging Markets...
✅ Sentry: Synced 18 assets to /Users/zerbytheboss/.openclaw/workspace/AION_MARKET_DATA.json
[2026-02-07T06:33:25.422Z] Sentry: Pinging Markets...
✅ Sentry: Synced 18 assets to /Users/zerbytheboss/.openclaw/workspace/AION_MARKET_DATA.json
[2026-02-07T06:34:25.937Z] Sentry: Pinging Markets...
✅ Sentry: Synced 18 assets to /Users/zerbytheboss/.openclaw/workspace/AION_MARKET_DATA.json
[2026-02-07T06:35:26.335Z] Sentry: Pinging Markets...
✅ Sentry: Synced 18 assets to /Users/zerbytheboss/.openclaw/workspace/AION_MARKET_DATA.json
[2026-02-07T06:36:26.808Z] Sentry: Pinging Markets...
✅ Sentry: Synced 18 assets to /Users/zerbytheboss/.openclaw/workspace/AION_MARKET_DATA.json
[2026-02-07T06:37:27.194Z] Sentry: Pinging Markets...
✅ Sentry: Synced 18 assets to /Users/zerbytheboss/.openclaw/workspace/AION_MARKET_DATA.json
[2026-02-07T06:38:28.018Z] Sentry: Pinging Markets...
✅ Sentry: Synced 18 assets to /Users/zerbytheboss/.openclaw/workspace/AION_MARKET_DATA.json
[2026-02-07T06:39:28.738Z] Sentry: Pinging Markets...
✅ Sentry: Synced 18 assets to /Users/zerbytheboss/.openclaw/workspace/AION_MARKET_DATA.json
[2026-02-07T06:40:29.444Z] Sentry: Pinging Markets...
✅ Sentry: Synced 18 assets to /Users/zerbytheboss/.openclaw/workspace/AION_MARKET_DATA.json
[2026-02-07T06:41:30.047Z] Sentry: Pinging Markets...
✅ Sentry: Synced 18 assets to /Users/zerbytheboss/.openclaw/workspace/AION_MARKET_DATA.json
[2026-02-07T06:42:30.439Z] Sentry: Pinging Markets...
✅ Sentry: Synced 18 assets to /Users/zerbytheboss/.openclaw/workspace/AION_MARKET_DATA.json
[2026-02-07T06:43:30.918Z] Sentry: Pinging Markets...
✅ Sentry: Synced 18 assets to /Users/zerbytheboss/.openclaw/workspace/AION_MARKET_DATA.json
[2026-02-07T06:44:31.278Z] Sentry: Pinging Markets...
✅ Sentry: Synced 18 assets to /Users/zerbytheboss/.openclaw/workspace/AION_MARKET_DATA.json
[2026-02-07T06:45:31.693Z] Sentry: Pinging Markets...
✅ Sentry: Synced 18 assets to /Users/zerbytheboss/.openclaw/workspace/AION_MARKET_DATA.json
[2026-02-07T06:46:32.108Z] Sentry: Pinging Markets...
✅ Sentry: Synced 18 assets to /Users/zerbytheboss/.openclaw/workspace/AION_MARKET_DATA.json
[2026-02-07T06:47:32.529Z] Sentry: Pinging Markets...
✅ Sentry: Synced 18 assets to /Users/zerbytheboss/.openclaw/workspace/AION_MARKET_DATA.json
[2026-02-07T06:48:32.885Z] Sentry: Pinging Markets...
✅ Sentry: Synced 18 assets to /Users/zerbytheboss/.openclaw/workspace/AION_MARKET_DATA.json
[2026-02-07T06:49:33.317Z] Sentry: Pinging Markets...
✅ Sentry: Synced 18 assets to /Users/zerbytheboss/.openclaw/workspace/AION_MARKET_DATA.json
[2026-02-07T06:50:33.649Z] Sentry: Pinging Markets...
✅ Sentry: Synced 18 assets to /Users/zerbytheboss/.openclaw/workspace/AION_MARKET_DATA.json
[2026-02-07T06:51:34.007Z] Sentry: Pinging Markets...
✅ Sentry: Synced 18 assets to /Users/zerbytheboss/.openclaw/workspace/AION_MARKET_DATA.json
[2026-02-07T06:52:34.595Z] Sentry: Pinging Markets...
✅ Sentry: Synced 18 assets to /Users/zerbytheboss/.openclaw/workspace/AION_MARKET_DATA.json
[2026-02-07T06:53:36.053Z] Sentry: Pinging Markets...
✅ Sentry: Synced 18 assets to /Users/zerbytheboss/.openclaw/workspace/AION_MARKET_DATA.json
[2026-02-07T06:54:36.436Z] Sentry: Pinging Markets...
✅ Sentry: Synced 18 assets to /Users/zerbytheboss/.openclaw/workspace/AION_MARKET_DATA.json
[2026-02-07T06:55:36.849Z] Sentry: Pinging Markets...
Crypto Fetch Error: HTTP 429: {"status":{"error_code":429,"error_message":"You've exceeded the Rate Limit. Please visit https://www.coingecko.com/en/api/pricing to subscribe to our API plans for higher rate limits."}}
✅ Sentry: Synced 15 assets to /Users/zerbytheboss/.openclaw/workspace/AION_MARKET_DATA.json
[2026-02-07T06:56:37.318Z] Sentry: Pinging Markets...
✅ Sentry: Synced 18 assets to /Users/zerbytheboss/.openclaw/workspace/AION_MARKET_DATA.json
[2026-02-07T06:57:37.821Z] Sentry: Pinging Markets...
Crypto Fetch Error: HTTP 429: {"status":{"error_code":429,"error_message":"You've exceeded the Rate Limit. Please visit https://www.coingecko.com/en/api/pricing to subscribe to our API plans for higher rate limits."}}
✅ Sentry: Synced 15 assets to /Users/zerbytheboss/.openclaw/workspace/AION_MARKET_DATA.json
[2026-02-07T06:58:39.999Z] Sentry: Pinging Markets...
✅ Sentry: Synced 18 assets to /Users/zerbytheboss/.openclaw/workspace/AION_MARKET_DATA.json
[2026-02-07T06:59:40.804Z] Sentry: Pinging Markets...
✅ Sentry: Synced 18 assets to /Users/zerbytheboss/.openclaw/workspace/AION_MARKET_DATA.json
[2026-02-07T07:00:41.546Z] Sentry: Pinging Markets...
✅ Sentry: Synced 18 assets to /Users/zerbytheboss/.openclaw/workspace/AION_MARKET_DATA.json
[2026-02-07T07:01:41.948Z] Sentry: Pinging Markets...
✅ Sentry: Synced 18 assets to /Users/zerbytheboss/.openclaw/workspace/AION_MARKET_DATA.json
[2026-02-07T07:02:42.390Z] Sentry: Pinging Markets...
✅ Sentry: Synced 18 assets to /Users/zerbytheboss/.openclaw/workspace/AION_MARKET_DATA.json
[2026-02-07T07:03:42.999Z] Sentry: Pinging Markets...
✅ Sentry: Synced 18 assets to /Users/zerbytheboss/.openclaw/workspace/AION_MARKET_DATA.json
[2026-02-07T07:04:44.391Z] Sentry: Pinging Markets...
✅ Sentry: Synced 18 assets to /Users/zerbytheboss/.openclaw/workspace/AION_MARKET_DATA.json
[2026-02-07T07:05:44.796Z] Sentry: Pinging Markets...
✅ Sentry: Synced 18 assets to /Users/zerbytheboss/.openclaw/workspace/AION_MARKET_DATA.json
[2026-02-07T07:06:45.134Z] Sentry: Pinging Markets...
✅ Sentry: Synced 18 assets to /Users/zerbytheboss/.openclaw/workspace/AION_MARKET_DATA.json
[2026-02-07T07:07:47.421Z] Sentry: Pinging Markets...
✅ Sentry: Synced 18 assets to /Users/zerbytheboss/.openclaw/workspace/AION_MARKET_DATA.json
[2026-02-07T07:08:47.926Z] Sentry: Pinging Markets...
✅ Sentry: Synced 18 assets to /Users/zerbytheboss/.openclaw/workspace/AION_MARKET_DATA.json
[2026-02-07T07:09:48.363Z] Sentry: Pinging Markets...
✅ Sentry: Synced 18 assets to /Users/zerbytheboss/.openclaw/workspace/AION_MARKET_DATA.json
[2026-02-07T07:10:48.794Z] Sentry: Pinging Markets...
Crypto Fetch Error: HTTP 429: {"status":{"error_code":429,"error_message":"You've exceeded the Rate Limit. Please visit https://www.coingecko.com/en/api/pricing to subscribe to our API plans for higher rate limits."}}
✅ Sentry: Synced 15 assets to /Users/zerbytheboss/.openclaw/workspace/AION_MARKET_DATA.json
[2026-02-07T07:11:49.204Z] Sentry: Pinging Markets...
✅ Sentry: Synced 18 assets to /Users/zerbytheboss/.openclaw/workspace/AION_MARKET_DATA.json
[2026-02-07T07:12:50.372Z] Sentry: Pinging Markets...
✅ Sentry: Synced 18 assets to /Users/zerbytheboss/.openclaw/workspace/AION_MARKET_DATA.json
[2026-02-07T07:13:51.645Z] Sentry: Pinging Markets...
Crypto Fetch Error: HTTP 429: {"status":{"error_code":429,"error_message":"You've exceeded the Rate Limit. Please visit https://www.coingecko.com/en/api/pricing to subscribe to our API plans for higher rate limits."}}
✅ Sentry: Synced 15 assets to /Users/zerbytheboss/.openclaw/workspace/AION_MARKET_DATA.json
[2026-02-07T07:14:52.070Z] Sentry: Pinging Markets...
✅ Sentry: Synced 18 assets to /Users/zerbytheboss/.openclaw/workspace/AION_MARKET_DATA.json
[2026-02-07T07:15:52.588Z] Sentry: Pinging Markets...
✅ Sentry: Synced 18 assets to /Users/zerbytheboss/.openclaw/workspace/AION_MARKET_DATA.json
[2026-02-07T07:16:53.108Z] Sentry: Pinging Markets...
✅ Sentry: Synced 18 assets to /Users/zerbytheboss/.openclaw/workspace/AION_MARKET_DATA.json
[2026-02-07T07:17:53.492Z] Sentry: Pinging Markets...
✅ Sentry: Synced 18 assets to /Users/zerbytheboss/.openclaw/workspace/AION_MARKET_DATA.json
[2026-02-07T07:18:54.273Z] Sentry: Pinging Markets...
✅ Sentry: Synced 18 assets to /Users/zerbytheboss/.openclaw/workspace/AION_MARKET_DATA.json
[2026-02-07T07:19:54.823Z] Sentry: Pinging Markets...
Crypto Fetch Error: HTTP 429: {"status":{"error_code":429,"error_message":"You've exceeded the Rate Limit. Please visit https://www.coingecko.com/en/api/pricing to subscribe to our API plans for higher rate limits."}}
✅ Sentry: Synced 15 assets to /Users/zerbytheboss/.openclaw/workspace/AION_MARKET_DATA.json
[2026-02-07T07:20:55.190Z] Sentry: Pinging Markets...
✅ Sentry: Synced 18 assets to /Users/zerbytheboss/.openclaw/workspace/AION_MARKET_DATA.json
[2026-02-07T07:21:55.583Z] Sentry: Pinging Markets...
✅ Sentry: Synced 18 assets to /Users/zerbytheboss/.openclaw/workspace/AION_MARKET_DATA.json
[2026-02-07T07:22:59.049Z] Sentry: Pinging Markets...
✅ Sentry: Synced 18 assets to /Users/zerbytheboss/.openclaw/workspace/AION_MARKET_DATA.json
[2026-02-07T07:23:59.486Z] Sentry: Pinging Markets...
✅ Sentry: Synced 18 assets to /Users/zerbytheboss/.openclaw/workspace/AION_MARKET_DATA.json
[2026-02-07T07:25:00.003Z] Sentry: Pinging Markets...
✅ Sentry: Synced 18 assets to /Users/zerbytheboss/.openclaw/workspace/AION_MARKET_DATA.json
[2026-02-07T07:26:01.609Z] Sentry: Pinging Markets...
✅ Sentry: Synced 18 assets to /Users/zerbytheboss/.openclaw/workspace/AION_MARKET_DATA.json
[2026-02-07T07:27:03.478Z] Sentry: Pinging Markets...
✅ Sentry: Synced 18 assets to /Users/zerbytheboss/.openclaw/workspace/AION_MARKET_DATA.json
[2026-02-07T07:28:05.394Z] Sentry: Pinging Markets...
✅ Sentry: Synced 18 assets to /Users/zerbytheboss/.openclaw/workspace/AION_MARKET_DATA.json
[2026-02-07T07:29:05.899Z] Sentry: Pinging Markets...
Crypto Fetch Error: HTTP 429: {"status":{"error_code":429,"error_message":"You've exceeded the Rate Limit. Please visit https://www.coingecko.com/en/api/pricing to subscribe to our API plans for higher rate limits."}}
✅ Sentry: Synced 15 assets to /Users/zerbytheboss/.openclaw/workspace/AION_MARKET_DATA.json
[2026-02-07T07:30:06.525Z] Sentry: Pinging Markets...
✅ Sentry: Synced 18 assets to /Users/zerbytheboss/.openclaw/workspace/AION_MARKET_DATA.json
[2026-02-07T07:31:08.544Z] Sentry: Pinging Markets...
✅ Sentry: Synced 18 assets to /Users/zerbytheboss/.openclaw/workspace/AION_MARKET_DATA.json
[2026-02-07T07:32:10.186Z] Sentry: Pinging Markets...
✅ Sentry: Synced 18 assets to /Users/zerbytheboss/.openclaw/workspace/AION_MARKET_DATA.json
[2026-02-07T07:33:13.363Z] Sentry: Pinging Markets...
✅ Sentry: Synced 18 assets to /Users/zerbytheboss/.openclaw/workspace/AION_MARKET_DATA.json
[2026-02-07T07:34:14.457Z] Sentry: Pinging Markets...
✅ Sentry: Synced 18 assets to /Users/zerbytheboss/.openclaw/workspace/AION_MARKET_DATA.json
[2026-02-07T07:35:15.918Z] Sentry: Pinging Markets...
✅ Sentry: Synced 18 assets to /Users/zerbytheboss/.openclaw/workspace/AION_MARKET_DATA.json
[2026-02-07T07:36:16.718Z] Sentry: Pinging Markets...
✅ Sentry: Synced 18 assets to /Users/zerbytheboss/.openclaw/workspace/AION_MARKET_DATA.json
[2026-02-07T07:37:18.309Z] Sentry: Pinging Markets...
✅ Sentry: Synced 18 assets to /Users/zerbytheboss/.openclaw/workspace/AION_MARKET_DATA.json
[2026-02-07T07:38:18.879Z] Sentry: Pinging Markets...
Crypto Fetch Error: HTTP 429: {"status":{"error_code":429,"error_message":"You've exceeded the Rate Limit. Please visit https://www.coingecko.com/en/api/pricing to subscribe to our API plans for higher rate limits."}}
✅ Sentry: Synced 15 assets to /Users/zerbytheboss/.openclaw/workspace/AION_MARKET_DATA.json
[2026-02-07T07:39:19.333Z] Sentry: Pinging Markets...
✅ Sentry: Synced 18 assets to /Users/zerbytheboss/.openclaw/workspace/AION_MARKET_DATA.json
[2026-02-07T07:40:20.073Z] Sentry: Pinging Markets...
✅ Sentry: Synced 18 assets to /Users/zerbytheboss/.openclaw/workspace/AION_MARKET_DATA.json
[2026-02-07T07:41:20.638Z] Sentry: Pinging Markets...
✅ Sentry: Synced 18 assets to /Users/zerbytheboss/.openclaw/workspace/AION_MARKET_DATA.json
[2026-02-07T07:42:21.519Z] Sentry: Pinging Markets...
✅ Sentry: Synced 18 assets to /Users/zerbytheboss/.openclaw/workspace/AION_MARKET_DATA.json
[2026-02-07T07:43:22.908Z] Sentry: Pinging Markets...
✅ Sentry: Synced 18 assets to /Users/zerbytheboss/.openclaw/workspace/AION_MARKET_DATA.json
[2026-02-07T07:44:23.687Z] Sentry: Pinging Markets...
Crypto Fetch Error: HTTP 429: {"status":{"error_code":429,"error_message":"You've exceeded the Rate Limit. Please visit https://www.coingecko.com/en/api/pricing to subscribe to our API plans for higher rate limits."}}
✅ Sentry: Synced 15 assets to /Users/zerbytheboss/.openclaw/workspace/AION_MARKET_DATA.json
[2026-02-07T07:45:24.590Z] Sentry: Pinging Markets...
✅ Sentry: Synced 18 assets to /Users/zerbytheboss/.openclaw/workspace/AION_MARKET_DATA.json
[2026-02-07T07:46:26.032Z] Sentry: Pinging Markets...
✅ Sentry: Synced 18 assets to /Users/zerbytheboss/.openclaw/workspace/AION_MARKET_DATA.json
[2026-02-07T07:47:26.381Z] Sentry: Pinging Markets...
Crypto Fetch Error: HTTP 429: {"status":{"error_code":429,"error_message":"You've exceeded the Rate Limit. Please visit https://www.coingecko.com/en/api/pricing to subscribe to our API plans for higher rate limits."}}
✅ Sentry: Synced 15 assets to /Users/zerbytheboss/.openclaw/workspace/AION_MARKET_DATA.json
[2026-02-07T07:48:26.749Z] Sentry: Pinging Markets...
✅ Sentry: Synced 18 assets to /Users/zerbytheboss/.openclaw/workspace/AION_MARKET_DATA.json
[2026-02-07T07:49:27.188Z] Sentry: Pinging Markets...
✅ Sentry: Synced 18 assets to /Users/zerbytheboss/.openclaw/workspace/AION_MARKET_DATA.json
[2026-02-07T07:50:27.516Z] Sentry: Pinging Markets...
✅ Sentry: Synced 18 assets to /Users/zerbytheboss/.openclaw/workspace/AION_MARKET_DATA.json
[2026-02-07T07:51:27.947Z] Sentry: Pinging Markets...
✅ Sentry: Synced 18 assets to /Users/zerbytheboss/.openclaw/workspace/AION_MARKET_DATA.json
[2026-02-07T07:52:28.348Z] Sentry: Pinging Markets...
Crypto Fetch Error: HTTP 429: {"status":{"error_code":429,"error_message":"You've exceeded the Rate Limit. Please visit https://www.coingecko.com/en/api/pricing to subscribe to our API plans for higher rate limits."}}
✅ Sentry: Synced 15 assets to /Users/zerbytheboss/.openclaw/workspace/AION_MARKET_DATA.json
[2026-02-07T07:53:28.695Z] Sentry: Pinging Markets...
✅ Sentry: Synced 18 assets to /Users/zerbytheboss/.openclaw/workspace/AION_MARKET_DATA.json
[2026-02-07T07:54:29.333Z] Sentry: Pinging Markets...
✅ Sentry: Synced 18 assets to /Users/zerbytheboss/.openclaw/workspace/AION_MARKET_DATA.json
[2026-02-07T07:55:29.720Z] Sentry: Pinging Markets...
Crypto Fetch Error: HTTP 429: {"status":{"error_code":429,"error_message":"You've exceeded the Rate Limit. Please visit https://www.coingecko.com/en/api/pricing to subscribe to our API plans for higher rate limits."}}
✅ Sentry: Synced 15 assets to /Users/zerbytheboss/.openclaw/workspace/AION_MARKET_DATA.json
[2026-02-07T07:56:30.092Z] Sentry: Pinging Markets...
✅ Sentry: Synced 18 assets to /Users/zerbytheboss/.openclaw/workspace/AION_MARKET_DATA.json
[2026-02-07T07:57:30.458Z] Sentry: Pinging Markets...
✅ Sentry: Synced 18 assets to /Users/zerbytheboss/.openclaw/workspace/AION_MARKET_DATA.json
[2026-02-07T07:58:30.909Z] Sentry: Pinging Markets...
Crypto Fetch Error: HTTP 429: {"status":{"error_code":429,"error_message":"You've exceeded the Rate Limit. Please visit https://www.coingecko.com/en/api/pricing to subscribe to our API plans for higher rate limits."}}
✅ Sentry: Synced 15 assets to /Users/zerbytheboss/.openclaw/workspace/AION_MARKET_DATA.json
[2026-02-07T07:59:31.219Z] Sentry: Pinging Markets...
✅ Sentry: Synced 18 assets to /Users/zerbytheboss/.openclaw/workspace/AION_MARKET_DATA.json
[2026-02-07T08:00:31.530Z] Sentry: Pinging Markets...
✅ Sentry: Synced 18 assets to /Users/zerbytheboss/.openclaw/workspace/AION_MARKET_DATA.json
[2026-02-07T08:01:31.936Z] Sentry: Pinging Markets...
Crypto Fetch Error: HTTP 429: {"status":{"error_code":429,"error_message":"You've exceeded the Rate Limit. Please visit https://www.coingecko.com/en/api/pricing to subscribe to our API plans for higher rate limits."}}
✅ Sentry: Synced 15 assets to /Users/zerbytheboss/.openclaw/workspace/AION_MARKET_DATA.json
[2026-02-07T08:02:32.868Z] Sentry: Pinging Markets...
✅ Sentry: Synced 18 assets to /Users/zerbytheboss/.openclaw/workspace/AION_MARKET_DATA.json
[2026-02-07T08:03:34.494Z] Sentry: Pinging Markets...
✅ Sentry: Synced 18 assets to /Users/zerbytheboss/.openclaw/workspace/AION_MARKET_DATA.json
[2026-02-07T08:04:34.921Z] Sentry: Pinging Markets...
✅ Sentry: Synced 18 assets to /Users/zerbytheboss/.openclaw/workspace/AION_MARKET_DATA.json
[2026-02-07T08:05:35.328Z] Sentry: Pinging Markets...
Crypto Fetch Error: HTTP 429: {"status":{"error_code":429,"error_message":"You've exceeded the Rate Limit. Please visit https://www.coingecko.com/en/api/pricing to subscribe to our API plans for higher rate limits."}}
✅ Sentry: Synced 15 assets to /Users/zerbytheboss/.openclaw/workspace/AION_MARKET_DATA.json
[2026-02-07T08:06:35.757Z] Sentry: Pinging Markets...
✅ Sentry: Synced 18 assets to /Users/zerbytheboss/.openclaw/workspace/AION_MARKET_DATA.json
[2026-02-07T08:07:36.469Z] Sentry: Pinging Markets...
✅ Sentry: Synced 18 assets to /Users/zerbytheboss/.openclaw/workspace/AION_MARKET_DATA.json
[2026-02-07T08:08:36.806Z] Sentry: Pinging Markets...
✅ Sentry: Synced 18 assets to /Users/zerbytheboss/.openclaw/workspace/AION_MARKET_DATA.json
[2026-02-07T08:09:37.207Z] Sentry: Pinging Markets...
✅ Sentry: Synced 18 assets to /Users/zerbytheboss/.openclaw/workspace/AION_MARKET_DATA.json
[2026-02-07T08:10:37.622Z] Sentry: Pinging Markets...
✅ Sentry: Synced 18 assets to /Users/zerbytheboss/.openclaw/workspace/AION_MARKET_DATA.json
[2026-02-07T08:11:38.038Z] Sentry: Pinging Markets...
✅ Sentry: Synced 18 assets to /Users/zerbytheboss/.openclaw/workspace/AION_MARKET_DATA.json
[2026-02-07T08:12:38.430Z] Sentry: Pinging Markets...
Crypto Fetch Error: HTTP 429: {"status":{"error_code":429,"error_message":"You've exceeded the Rate Limit. Please visit https://www.coingecko.com/en/api/pricing to subscribe to our API plans for higher rate limits."}}
✅ Sentry: Synced 15 assets to /Users/zerbytheboss/.openclaw/workspace/AION_MARKET_DATA.json
[2026-02-07T08:13:38.799Z] Sentry: Pinging Markets...
✅ Sentry: Synced 18 assets to /Users/zerbytheboss/.openclaw/workspace/AION_MARKET_DATA.json
[2026-02-07T08:14:39.141Z] Sentry: Pinging Markets...
Crypto Fetch Error: HTTP 429: {"status":{"error_code":429,"error_message":"You've exceeded the Rate Limit. Please visit https://www.coingecko.com/en/api/pricing to subscribe to our API plans for higher rate limits."}}
✅ Sentry: Synced 15 assets to /Users/zerbytheboss/.openclaw/workspace/AION_MARKET_DATA.json
[2026-02-07T08:15:39.614Z] Sentry: Pinging Markets...
✅ Sentry: Synced 18 assets to /Users/zerbytheboss/.openclaw/workspace/AION_MARKET_DATA.json
[2026-02-07T08:16:40.048Z] Sentry: Pinging Markets...
Crypto Fetch Error: HTTP 429: {"status":{"error_code":429,"error_message":"You've exceeded the Rate Limit. Please visit https://www.coingecko.com/en/api/pricing to subscribe to our API plans for higher rate limits."}}
✅ Sentry: Synced 15 assets to /Users/zerbytheboss/.openclaw/workspace/AION_MARKET_DATA.json
[2026-02-07T08:17:40.497Z] Sentry: Pinging Markets...
Crypto Fetch Error: HTTP 429: {"status":{"error_code":429,"error_message":"You've exceeded the Rate Limit. Please visit https://www.coingecko.com/en/api/pricing to subscribe to our API plans for higher rate limits."}}
✅ Sentry: Synced 15 assets to /Users/zerbytheboss/.openclaw/workspace/AION_MARKET_DATA.json
[2026-02-07T08:18:40.891Z] Sentry: Pinging Markets...
✅ Sentry: Synced 18 assets to /Users/zerbytheboss/.openclaw/workspace/AION_MARKET_DATA.json
[2026-02-07T08:19:41.223Z] Sentry: Pinging Markets...
Crypto Fetch Error: HTTP 429: {"status":{"error_code":429,"error_message":"You've exceeded the Rate Limit. Please visit https://www.coingecko.com/en/api/pricing to subscribe to our API plans for higher rate limits."}}
✅ Sentry: Synced 15 assets to /Users/zerbytheboss/.openclaw/workspace/AION_MARKET_DATA.json
[2026-02-07T08:20:41.616Z] Sentry: Pinging Markets...
✅ Sentry: Synced 18 assets to /Users/zerbytheboss/.openclaw/workspace/AION_MARKET_DATA.json
[2026-02-07T08:21:41.940Z] Sentry: Pinging Markets...
✅ Sentry: Synced 18 assets to /Users/zerbytheboss/.openclaw/workspace/AION_MARKET_DATA.json
[2026-02-07T08:22:42.448Z] Sentry: Pinging Markets...
✅ Sentry: Synced 18 assets to /Users/zerbytheboss/.openclaw/workspace/AION_MARKET_DATA.json
[2026-02-07T08:23:42.843Z] Sentry: Pinging Markets...
✅ Sentry: Synced 18 assets to /Users/zerbytheboss/.openclaw/workspace/AION_MARKET_DATA.json
[2026-02-07T08:24:43.177Z] Sentry: Pinging Markets...
✅ Sentry: Synced 18 assets to /Users/zerbytheboss/.openclaw/workspace/AION_MARKET_DATA.json
[2026-02-07T08:25:43.497Z] Sentry: Pinging Markets...
✅ Sentry: Synced 18 assets to /Users/zerbytheboss/.openclaw/workspace/AION_MARKET_DATA.json
[2026-02-07T08:26:43.825Z] Sentry: Pinging Markets...
✅ Sentry: Synced 18 assets to /Users/zerbytheboss/.openclaw/workspace/AION_MARKET_DATA.json
[2026-02-07T08:27:44.225Z] Sentry: Pinging Markets...
Crypto Fetch Error: HTTP 429: {"status":{"error_code":429,"error_message":"You've exceeded the Rate Limit. Please visit https://www.coingecko.com/en/api/pricing to subscribe to our API plans for higher rate limits."}}
✅ Sentry: Synced 15 assets to /Users/zerbytheboss/.openclaw/workspace/AION_MARKET_DATA.json
[2026-02-07T08:28:44.650Z] Sentry: Pinging Markets...
✅ Sentry: Synced 18 assets to /Users/zerbytheboss/.openclaw/workspace/AION_MARKET_DATA.json
[2026-02-07T08:29:45.049Z] Sentry: Pinging Markets...
Crypto Fetch Error: HTTP 429: {"status":{"error_code":429,"error_message":"You've exceeded the Rate Limit. Please visit https://www.coingecko.com/en/api/pricing to subscribe to our API plans for higher rate limits."}}
✅ Sentry: Synced 15 assets to /Users/zerbytheboss/.openclaw/workspace/AION_MARKET_DATA.json
[2026-02-07T08:30:45.396Z] Sentry: Pinging Markets...
✅ Sentry: Synced 18 assets to /Users/zerbytheboss/.openclaw/workspace/AION_MARKET_DATA.json
[2026-02-07T08:31:45.782Z] Sentry: Pinging Markets...
Crypto Fetch Error: HTTP 429: {"status":{"error_code":429,"error_message":"You've exceeded the Rate Limit. Please visit https://www.coingecko.com/en/api/pricing to subscribe to our API plans for higher rate limits."}}
✅ Sentry: Synced 15 assets to /Users/zerbytheboss/.openclaw/workspace/AION_MARKET_DATA.json
[2026-02-07T08:32:47.081Z] Sentry: Pinging Markets...
✅ Sentry: Synced 18 assets to /Users/zerbytheboss/.openclaw/workspace/AION_MARKET_DATA.json
[2026-02-07T08:33:47.491Z] Sentry: Pinging Markets...
✅ Sentry: Synced 18 assets to /Users/zerbytheboss/.openclaw/workspace/AION_MARKET_DATA.json
[2026-02-07T08:34:48.560Z] Sentry: Pinging Markets...
✅ Sentry: Synced 18 assets to /Users/zerbytheboss/.openclaw/workspace/AION_MARKET_DATA.json
[2026-02-07T08:35:49.262Z] Sentry: Pinging Markets...
✅ Sentry: Synced 18 assets to /Users/zerbytheboss/.openclaw/workspace/AION_MARKET_DATA.json
[2026-02-07T08:36:49.660Z] Sentry: Pinging Markets...
Crypto Fetch Error: HTTP 429: {"status":{"error_code":429,"error_message":"You've exceeded the Rate Limit. Please visit https://www.coingecko.com/en/api/pricing to subscribe to our API plans for higher rate limits."}}
✅ Sentry: Synced 15 assets to /Users/zerbytheboss/.openclaw/workspace/AION_MARKET_DATA.json
[2026-02-07T08:37:50.037Z] Sentry: Pinging Markets...
✅ Sentry: Synced 18 assets to /Users/zerbytheboss/.openclaw/workspace/AION_MARKET_DATA.json
[2026-02-07T08:38:50.478Z] Sentry: Pinging Markets...
✅ Sentry: Synced 18 assets to /Users/zerbytheboss/.openclaw/workspace/AION_MARKET_DATA.json
[2026-02-07T08:39:50.794Z] Sentry: Pinging Markets...
✅ Sentry: Synced 18 assets to /Users/zerbytheboss/.openclaw/workspace/AION_MARKET_DATA.json
[2026-02-07T08:40:51.110Z] Sentry: Pinging Markets...
Crypto Fetch Error: HTTP 429: {"status":{"error_code":429,"error_message":"You've exceeded the Rate Limit. Please visit https://www.coingecko.com/en/api/pricing to subscribe to our API plans for higher rate limits."}}
✅ Sentry: Synced 15 assets to /Users/zerbytheboss/.openclaw/workspace/AION_MARKET_DATA.json
[2026-02-07T08:41:51.508Z] Sentry: Pinging Markets...
✅ Sentry: Synced 18 assets to /Users/zerbytheboss/.openclaw/workspace/AION_MARKET_DATA.json
[2026-02-07T08:42:51.858Z] Sentry: Pinging Markets...
✅ Sentry: Synced 18 assets to /Users/zerbytheboss/.openclaw/workspace/AION_MARKET_DATA.json
[2026-02-07T08:43:52.324Z] Sentry: Pinging Markets...
Crypto Fetch Error: HTTP 429: {"status":{"error_code":429,"error_message":"You've exceeded the Rate Limit. Please visit https://www.coingecko.com/en/api/pricing to subscribe to our API plans for higher rate limits."}}
✅ Sentry: Synced 15 assets to /Users/zerbytheboss/.openclaw/workspace/AION_MARKET_DATA.json
[2026-02-07T08:44:52.719Z] Sentry: Pinging Markets...
✅ Sentry: Synced 18 assets to /Users/zerbytheboss/.openclaw/workspace/AION_MARKET_DATA.json
[2026-02-07T08:45:53.050Z] Sentry: Pinging Markets...
✅ Sentry: Synced 18 assets to /Users/zerbytheboss/.openclaw/workspace/AION_MARKET_DATA.json
[2026-02-07T08:46:53.403Z] Sentry: Pinging Markets...
Crypto Fetch Error: HTTP 429: {"status":{"error_code":429,"error_message":"You've exceeded the Rate Limit. Please visit https://www.coingecko.com/en/api/pricing to subscribe to our API plans for higher rate limits."}}
✅ Sentry: Synced 15 assets to /Users/zerbytheboss/.openclaw/workspace/AION_MARKET_DATA.json
[2026-02-07T08:47:53.810Z] Sentry: Pinging Markets...
✅ Sentry: Synced 18 assets to /Users/zerbytheboss/.openclaw/workspace/AION_MARKET_DATA.json
[2026-02-07T08:48:54.134Z] Sentry: Pinging Markets...
✅ Sentry: Synced 18 assets to /Users/zerbytheboss/.openclaw/workspace/AION_MARKET_DATA.json
[2026-02-07T08:49:54.544Z] Sentry: Pinging Markets...
Crypto Fetch Error: HTTP 429: {"status":{"error_code":429,"error_message":"You've exceeded the Rate Limit. Please visit https://www.coingecko.com/en/api/pricing to subscribe to our API plans for higher rate limits."}}
✅ Sentry: Synced 15 assets to /Users/zerbytheboss/.openclaw/workspace/AION_MARKET_DATA.json
[2026-02-07T08:50:54.924Z] Sentry: Pinging Markets...
✅ Sentry: Synced 18 assets to /Users/zerbytheboss/.openclaw/workspace/AION_MARKET_DATA.json
[2026-02-07T08:51:55.299Z] Sentry: Pinging Markets...
✅ Sentry: Synced 18 assets to /Users/zerbytheboss/.openclaw/workspace/AION_MARKET_DATA.json
[2026-02-07T08:52:55.620Z] Sentry: Pinging Markets...
Crypto Fetch Error: HTTP 429: {"status":{"error_code":429,"error_message":"You've exceeded the Rate Limit. Please visit https://www.coingecko.com/en/api/pricing to subscribe to our API plans for higher rate limits."}}
✅ Sentry: Synced 15 assets to /Users/zerbytheboss/.openclaw/workspace/AION_MARKET_DATA.json
[2026-02-07T08:53:55.941Z] Sentry: Pinging Markets...
✅ Sentry: Synced 18 assets to /Users/zerbytheboss/.openclaw/workspace/AION_MARKET_DATA.json
[2026-02-07T08:54:56.275Z] Sentry: Pinging Markets...
✅ Sentry: Synced 18 assets to /Users/zerbytheboss/.openclaw/workspace/AION_MARKET_DATA.json
[2026-02-07T08:55:56.711Z] Sentry: Pinging Markets...
Crypto Fetch Error: HTTP 429: {"status":{"error_code":429,"error_message":"You've exceeded the Rate Limit. Please visit https://www.coingecko.com/en/api/pricing to subscribe to our API plans for higher rate limits."}}
✅ Sentry: Synced 15 assets to /Users/zerbytheboss/.openclaw/workspace/AION_MARKET_DATA.json
[2026-02-07T08:56:57.152Z] Sentry: Pinging Markets...
✅ Sentry: Synced 18 assets to /Users/zerbytheboss/.openclaw/workspace/AION_MARKET_DATA.json
[2026-02-07T08:57:57.532Z] Sentry: Pinging Markets...
✅ Sentry: Synced 18 assets to /Users/zerbytheboss/.openclaw/workspace/AION_MARKET_DATA.json
[2026-02-07T08:58:57.899Z] Sentry: Pinging Markets...
Crypto Fetch Error: HTTP 429: {"status":{"error_code":429,"error_message":"You've exceeded the Rate Limit. Please visit https://www.coingecko.com/en/api/pricing to subscribe to our API plans for higher rate limits."}}
✅ Sentry: Synced 15 assets to /Users/zerbytheboss/.openclaw/workspace/AION_MARKET_DATA.json
[2026-02-07T08:59:58.222Z] Sentry: Pinging Markets...
✅ Sentry: Synced 18 assets to /Users/zerbytheboss/.openclaw/workspace/AION_MARKET_DATA.json
[2026-02-07T09:00:58.540Z] Sentry: Pinging Markets...
✅ Sentry: Synced 18 assets to /Users/zerbytheboss/.openclaw/workspace/AION_MARKET_DATA.json
[2026-02-07T09:01:59.015Z] Sentry: Pinging Markets...
✅ Sentry: Synced 18 assets to /Users/zerbytheboss/.openclaw/workspace/AION_MARKET_DATA.json
[2026-02-07T09:02:59.341Z] Sentry: Pinging Markets...
✅ Sentry: Synced 18 assets to /Users/zerbytheboss/.openclaw/workspace/AION_MARKET_DATA.json
[2026-02-07T09:03:59.641Z] Sentry: Pinging Markets...
✅ Sentry: Synced 18 assets to /Users/zerbytheboss/.openclaw/workspace/AION_MARKET_DATA.json
[2026-02-07T09:05:00.046Z] Sentry: Pinging Markets...
✅ Sentry: Synced 18 assets to /Users/zerbytheboss/.openclaw/workspace/AION_MARKET_DATA.json
[2026-02-07T09:06:00.443Z] Sentry: Pinging Markets...
✅ Sentry: Synced 18 assets to /Users/zerbytheboss/.openclaw/workspace/AION_MARKET_DATA.json
[2026-02-07T09:07:00.824Z] Sentry: Pinging Markets...
✅ Sentry: Synced 18 assets to /Users/zerbytheboss/.openclaw/workspace/AION_MARKET_DATA.json
[2026-02-07T09:08:01.126Z] Sentry: Pinging Markets...
✅ Sentry: Synced 18 assets to /Users/zerbytheboss/.openclaw/workspace/AION_MARKET_DATA.json
[2026-02-07T09:09:01.504Z] Sentry: Pinging Markets...
✅ Sentry: Synced 18 assets to /Users/zerbytheboss/.openclaw/workspace/AION_MARKET_DATA.json
[2026-02-07T09:10:01.913Z] Sentry: Pinging Markets...
✅ Sentry: Synced 18 assets to /Users/zerbytheboss/.openclaw/workspace/AION_MARKET_DATA.json
[2026-02-07T09:11:02.224Z] Sentry: Pinging Markets...
✅ Sentry: Synced 18 assets to /Users/zerbytheboss/.openclaw/workspace/AION_MARKET_DATA.json
[2026-02-07T09:12:02.635Z] Sentry: Pinging Markets...
✅ Sentry: Synced 18 assets to /Users/zerbytheboss/.openclaw/workspace/AION_MARKET_DATA.json
[2026-02-07T09:13:03.008Z] Sentry: Pinging Markets...
✅ Sentry: Synced 18 assets to /Users/zerbytheboss/.openclaw/workspace/AION_MARKET_DATA.json
[2026-02-07T09:14:03.448Z] Sentry: Pinging Markets...
✅ Sentry: Synced 18 assets to /Users/zerbytheboss/.openclaw/workspace/AION_MARKET_DATA.json
[2026-02-07T09:15:03.772Z] Sentry: Pinging Markets...
✅ Sentry: Synced 18 assets to /Users/zerbytheboss/.openclaw/workspace/AION_MARKET_DATA.json
[2026-02-07T09:16:04.200Z] Sentry: Pinging Markets...
✅ Sentry: Synced 18 assets to /Users/zerbytheboss/.openclaw/workspace/AION_MARKET_DATA.json
[2026-02-07T09:17:04.642Z] Sentry: Pinging Markets...
✅ Sentry: Synced 18 assets to /Users/zerbytheboss/.openclaw/workspace/AION_MARKET_DATA.json
[2026-02-07T09:18:05.009Z] Sentry: Pinging Markets...
✅ Sentry: Synced 18 assets to /Users/zerbytheboss/.openclaw/workspace/AION_MARKET_DATA.json
[2026-02-07T09:19:05.412Z] Sentry: Pinging Markets...
✅ Sentry: Synced 18 assets to /Users/zerbytheboss/.openclaw/workspace/AION_MARKET_DATA.json
[2026-02-07T09:20:05.706Z] Sentry: Pinging Markets...
✅ Sentry: Synced 18 assets to /Users/zerbytheboss/.openclaw/workspace/AION_MARKET_DATA.json
[2026-02-07T09:21:06.031Z] Sentry: Pinging Markets...
✅ Sentry: Synced 18 assets to /Users/zerbytheboss/.openclaw/workspace/AION_MARKET_DATA.json
[2026-02-07T09:22:06.392Z] Sentry: Pinging Markets...
✅ Sentry: Synced 18 assets to /Users/zerbytheboss/.openclaw/workspace/AION_MARKET_DATA.json
[2026-02-07T09:23:06.690Z] Sentry: Pinging Markets...
✅ Sentry: Synced 18 assets to /Users/zerbytheboss/.openclaw/workspace/AION_MARKET_DATA.json
[2026-02-07T09:24:07.102Z] Sentry: Pinging Markets...
✅ Sentry: Synced 18 assets to /Users/zerbytheboss/.openclaw/workspace/AION_MARKET_DATA.json
[2026-02-07T09:25:07.422Z] Sentry: Pinging Markets...
✅ Sentry: Synced 18 assets to /Users/zerbytheboss/.openclaw/workspace/AION_MARKET_DATA.json
[2026-02-07T09:26:07.842Z] Sentry: Pinging Markets...
✅ Sentry: Synced 18 assets to /Users/zerbytheboss/.openclaw/workspace/AION_MARKET_DATA.json
[2026-02-07T09:27:08.220Z] Sentry: Pinging Markets...
✅ Sentry: Synced 18 assets to /Users/zerbytheboss/.openclaw/workspace/AION_MARKET_DATA.json
[2026-02-07T09:28:08.587Z] Sentry: Pinging Markets...
✅ Sentry: Synced 18 assets to /Users/zerbytheboss/.openclaw/workspace/AION_MARKET_DATA.json
[2026-02-07T09:29:08.905Z] Sentry: Pinging Markets...
✅ Sentry: Synced 18 assets to /Users/zerbytheboss/.openclaw/workspace/AION_MARKET_DATA.json
[2026-02-07T09:30:09.232Z] Sentry: Pinging Markets...
✅ Sentry: Synced 18 assets to /Users/zerbytheboss/.openclaw/workspace/AION_MARKET_DATA.json
[2026-02-07T09:31:09.558Z] Sentry: Pinging Markets...
✅ Sentry: Synced 18 assets to /Users/zerbytheboss/.openclaw/workspace/AION_MARKET_DATA.json
[2026-02-07T09:32:09.861Z] Sentry: Pinging Markets...
✅ Sentry: Synced 18 assets to /Users/zerbytheboss/.openclaw/workspace/AION_MARKET_DATA.json
[2026-02-07T09:33:10.170Z] Sentry: Pinging Markets...
✅ Sentry: Synced 18 assets to /Users/zerbytheboss/.openclaw/workspace/AION_MARKET_DATA.json
[2026-02-07T09:34:10.585Z] Sentry: Pinging Markets...
✅ Sentry: Synced 18 assets to /Users/zerbytheboss/.openclaw/workspace/AION_MARKET_DATA.json
[2026-02-07T09:35:10.883Z] Sentry: Pinging Markets...
✅ Sentry: Synced 18 assets to /Users/zerbytheboss/.openclaw/workspace/AION_MARKET_DATA.json
[2026-02-07T09:36:11.187Z] Sentry: Pinging Markets...
✅ Sentry: Synced 18 assets to /Users/zerbytheboss/.openclaw/workspace/AION_MARKET_DATA.json
[2026-02-07T09:37:11.495Z] Sentry: Pinging Markets...
✅ Sentry: Synced 18 assets to /Users/zerbytheboss/.openclaw/workspace/AION_MARKET_DATA.json
[2026-02-07T09:38:11.788Z] Sentry: Pinging Markets...
✅ Sentry: Synced 18 assets to /Users/zerbytheboss/.openclaw/workspace/AION_MARKET_DATA.json
[2026-02-07T09:39:12.113Z] Sentry: Pinging Markets...
✅ Sentry: Synced 18 assets to /Users/zerbytheboss/.openclaw/workspace/AION_MARKET_DATA.json
[2026-02-07T09:40:12.494Z] Sentry: Pinging Markets...
✅ Sentry: Synced 18 assets to /Users/zerbytheboss/.openclaw/workspace/AION_MARKET_DATA.json
[2026-02-07T09:41:12.942Z] Sentry: Pinging Markets...
✅ Sentry: Synced 18 assets to /Users/zerbytheboss/.openclaw/workspace/AION_MARKET_DATA.json
[2026-02-07T09:42:13.254Z] Sentry: Pinging Markets...
✅ Sentry: Synced 18 assets to /Users/zerbytheboss/.openclaw/workspace/AION_MARKET_DATA.json
[2026-02-07T09:43:13.589Z] Sentry: Pinging Markets...
✅ Sentry: Synced 18 assets to /Users/zerbytheboss/.openclaw/workspace/AION_MARKET_DATA.json
[2026-02-07T09:44:13.937Z] Sentry: Pinging Markets...
✅ Sentry: Synced 18 assets to /Users/zerbytheboss/.openclaw/workspace/AION_MARKET_DATA.json
[2026-02-07T09:45:14.350Z] Sentry: Pinging Markets...
✅ Sentry: Synced 18 assets to /Users/zerbytheboss/.openclaw/workspace/AION_MARKET_DATA.json
[2026-02-07T09:46:14.660Z] Sentry: Pinging Markets...
✅ Sentry: Synced 18 assets to /Users/zerbytheboss/.openclaw/workspace/AION_MARKET_DATA.json
[2026-02-07T09:47:14.976Z] Sentry: Pinging Markets...
✅ Sentry: Synced 18 assets to /Users/zerbytheboss/.openclaw/workspace/AION_MARKET_DATA.json
[2026-02-07T09:48:15.372Z] Sentry: Pinging Markets...
✅ Sentry: Synced 18 assets to /Users/zerbytheboss/.openclaw/workspace/AION_MARKET_DATA.json
[2026-02-07T09:49:15.762Z] Sentry: Pinging Markets...
✅ Sentry: Synced 18 assets to /Users/zerbytheboss/.openclaw/workspace/AION_MARKET_DATA.json
[2026-02-07T09:50:16.144Z] Sentry: Pinging Markets...
✅ Sentry: Synced 18 assets to /Users/zerbytheboss/.openclaw/workspace/AION_MARKET_DATA.json
[2026-02-07T09:51:16.459Z] Sentry: Pinging Markets...
✅ Sentry: Synced 18 assets to /Users/zerbytheboss/.openclaw/workspace/AION_MARKET_DATA.json
[2026-02-07T09:52:16.810Z] Sentry: Pinging Markets...
✅ Sentry: Synced 18 assets to /Users/zerbytheboss/.openclaw/workspace/AION_MARKET_DATA.json
[2026-02-07T09:53:17.242Z] Sentry: Pinging Markets...
✅ Sentry: Synced 18 assets to /Users/zerbytheboss/.openclaw/workspace/AION_MARKET_DATA.json
[2026-02-07T09:54:17.562Z] Sentry: Pinging Markets...
✅ Sentry: Synced 18 assets to /Users/zerbytheboss/.openclaw/workspace/AION_MARKET_DATA.json
[2026-02-07T09:55:17.968Z] Sentry: Pinging Markets...
✅ Sentry: Synced 18 assets to /Users/zerbytheboss/.openclaw/workspace/AION_MARKET_DATA.json
[2026-02-07T09:56:18.345Z] Sentry: Pinging Markets...
✅ Sentry: Synced 18 assets to /Users/zerbytheboss/.openclaw/workspace/AION_MARKET_DATA.json
[2026-02-07T09:57:18.742Z] Sentry: Pinging Markets...
✅ Sentry: Synced 18 assets to /Users/zerbytheboss/.openclaw/workspace/AION_MARKET_DATA.json
[2026-02-07T09:58:19.055Z] Sentry: Pinging Markets...
✅ Sentry: Synced 18 assets to /Users/zerbytheboss/.openclaw/workspace/AION_MARKET_DATA.json
[2026-02-07T09:59:19.441Z] Sentry: Pinging Markets...
✅ Sentry: Synced 18 assets to /Users/zerbytheboss/.openclaw/workspace/AION_MARKET_DATA.json
[2026-02-07T10:00:19.836Z] Sentry: Pinging Markets...
✅ Sentry: Synced 18 assets to /Users/zerbytheboss/.openclaw/workspace/AION_MARKET_DATA.json
[2026-02-07T10:01:20.161Z] Sentry: Pinging Markets...
✅ Sentry: Synced 18 assets to /Users/zerbytheboss/.openclaw/workspace/AION_MARKET_DATA.json
[2026-02-07T10:02:20.626Z] Sentry: Pinging Markets...
✅ Sentry: Synced 18 assets to /Users/zerbytheboss/.openclaw/workspace/AION_MARKET_DATA.json
[2026-02-07T10:03:21.031Z] Sentry: Pinging Markets...
✅ Sentry: Synced 18 assets to /Users/zerbytheboss/.openclaw/workspace/AION_MARKET_DATA.json
[2026-02-07T10:04:21.336Z] Sentry: Pinging Markets...
✅ Sentry: Synced 18 assets to /Users/zerbytheboss/.openclaw/workspace/AION_MARKET_DATA.json
[2026-02-07T10:05:21.644Z] Sentry: Pinging Markets...
✅ Sentry: Synced 18 assets to /Users/zerbytheboss/.openclaw/workspace/AION_MARKET_DATA.json
[2026-02-07T10:06:21.918Z] Sentry: Pinging Markets...
✅ Sentry: Synced 18 assets to /Users/zerbytheboss/.openclaw/workspace/AION_MARKET_DATA.json
[2026-02-07T10:07:22.228Z] Sentry: Pinging Markets...
✅ Sentry: Synced 18 assets to /Users/zerbytheboss/.openclaw/workspace/AION_MARKET_DATA.json
[2026-02-07T10:08:22.547Z] Sentry: Pinging Markets...
✅ Sentry: Synced 18 assets to /Users/zerbytheboss/.openclaw/workspace/AION_MARKET_DATA.json
[2026-02-07T10:09:22.845Z] Sentry: Pinging Markets...
✅ Sentry: Synced 18 assets to /Users/zerbytheboss/.openclaw/workspace/AION_MARKET_DATA.json
[2026-02-07T10:10:23.280Z] Sentry: Pinging Markets...
✅ Sentry: Synced 18 assets to /Users/zerbytheboss/.openclaw/workspace/AION_MARKET_DATA.json
[2026-02-07T10:11:23.737Z] Sentry: Pinging Markets...
✅ Sentry: Synced 18 assets to /Users/zerbytheboss/.openclaw/workspace/AION_MARKET_DATA.json
[2026-02-07T10:12:24.104Z] Sentry: Pinging Markets...
✅ Sentry: Synced 18 assets to /Users/zerbytheboss/.openclaw/workspace/AION_MARKET_DATA.json
[2026-02-07T10:13:24.474Z] Sentry: Pinging Markets...
✅ Sentry: Synced 18 assets to /Users/zerbytheboss/.openclaw/workspace/AION_MARKET_DATA.json
[2026-02-07T10:14:24.789Z] Sentry: Pinging Markets...
✅ Sentry: Synced 18 assets to /Users/zerbytheboss/.openclaw/workspace/AION_MARKET_DATA.json
[2026-02-07T10:15:25.166Z] Sentry: Pinging Markets...
✅ Sentry: Synced 18 assets to /Users/zerbytheboss/.openclaw/workspace/AION_MARKET_DATA.json
[2026-02-07T10:16:25.475Z] Sentry: Pinging Markets...
✅ Sentry: Synced 18 assets to /Users/zerbytheboss/.openclaw/workspace/AION_MARKET_DATA.json
[2026-02-07T10:17:25.875Z] Sentry: Pinging Markets...
✅ Sentry: Synced 18 assets to /Users/zerbytheboss/.openclaw/workspace/AION_MARKET_DATA.json
[2026-02-07T10:18:26.215Z] Sentry: Pinging Markets...
✅ Sentry: Synced 18 assets to /Users/zerbytheboss/.openclaw/workspace/AION_MARKET_DATA.json
[2026-02-07T10:19:26.618Z] Sentry: Pinging Markets...
✅ Sentry: Synced 18 assets to /Users/zerbytheboss/.openclaw/workspace/AION_MARKET_DATA.json
[2026-02-07T10:20:27.030Z] Sentry: Pinging Markets...
✅ Sentry: Synced 18 assets to /Users/zerbytheboss/.openclaw/workspace/AION_MARKET_DATA.json
[2026-02-07T10:21:27.380Z] Sentry: Pinging Markets...
✅ Sentry: Synced 18 assets to /Users/zerbytheboss/.openclaw/workspace/AION_MARKET_DATA.json
[2026-02-07T10:22:27.716Z] Sentry: Pinging Markets...
✅ Sentry: Synced 18 assets to /Users/zerbytheboss/.openclaw/workspace/AION_MARKET_DATA.json
[2026-02-07T10:23:28.025Z] Sentry: Pinging Markets...
✅ Sentry: Synced 18 assets to /Users/zerbytheboss/.openclaw/workspace/AION_MARKET_DATA.json
[2026-02-07T10:24:28.475Z] Sentry: Pinging Markets...
✅ Sentry: Synced 18 assets to /Users/zerbytheboss/.openclaw/workspace/AION_MARKET_DATA.json
[2026-02-07T10:25:28.931Z] Sentry: Pinging Markets...
✅ Sentry: Synced 18 assets to /Users/zerbytheboss/.openclaw/workspace/AION_MARKET_DATA.json
[2026-02-07T10:26:29.307Z] Sentry: Pinging Markets...
✅ Sentry: Synced 18 assets to /Users/zerbytheboss/.openclaw/workspace/AION_MARKET_DATA.json
[2026-02-07T10:27:29.669Z] Sentry: Pinging Markets...
✅ Sentry: Synced 18 assets to /Users/zerbytheboss/.openclaw/workspace/AION_MARKET_DATA.json
[2026-02-07T10:28:30.178Z] Sentry: Pinging Markets...
✅ Sentry: Synced 18 assets to /Users/zerbytheboss/.openclaw/workspace/AION_MARKET_DATA.json
[2026-02-07T10:29:30.482Z] Sentry: Pinging Markets...
✅ Sentry: Synced 18 assets to /Users/zerbytheboss/.openclaw/workspace/AION_MARKET_DATA.json
[2026-02-07T10:30:30.917Z] Sentry: Pinging Markets...
✅ Sentry: Synced 18 assets to /Users/zerbytheboss/.openclaw/workspace/AION_MARKET_DATA.json
[2026-02-07T10:31:31.304Z] Sentry: Pinging Markets...
✅ Sentry: Synced 18 assets to /Users/zerbytheboss/.openclaw/workspace/AION_MARKET_DATA.json
[2026-02-07T10:32:31.683Z] Sentry: Pinging Markets...
✅ Sentry: Synced 18 assets to /Users/zerbytheboss/.openclaw/workspace/AION_MARKET_DATA.json
[2026-02-07T10:33:32.064Z] Sentry: Pinging Markets...
✅ Sentry: Synced 18 assets to /Users/zerbytheboss/.openclaw/workspace/AION_MARKET_DATA.json
[2026-02-07T10:34:32.472Z] Sentry: Pinging Markets...
✅ Sentry: Synced 18 assets to /Users/zerbytheboss/.openclaw/workspace/AION_MARKET_DATA.json
[2026-02-07T10:35:32.917Z] Sentry: Pinging Markets...
✅ Sentry: Synced 18 assets to /Users/zerbytheboss/.openclaw/workspace/AION_MARKET_DATA.json
[2026-02-07T10:36:33.365Z] Sentry: Pinging Markets...
✅ Sentry: Synced 18 assets to /Users/zerbytheboss/.openclaw/workspace/AION_MARKET_DATA.json
[2026-02-07T10:37:33.723Z] Sentry: Pinging Markets...
✅ Sentry: Synced 18 assets to /Users/zerbytheboss/.openclaw/workspace/AION_MARKET_DATA.json
[2026-02-07T10:38:34.177Z] Sentry: Pinging Markets...
✅ Sentry: Synced 18 assets to /Users/zerbytheboss/.openclaw/workspace/AION_MARKET_DATA.json
[2026-02-07T10:39:34.608Z] Sentry: Pinging Markets...
✅ Sentry: Synced 18 assets to /Users/zerbytheboss/.openclaw/workspace/AION_MARKET_DATA.json
[2026-02-07T10:40:34.970Z] Sentry: Pinging Markets...
✅ Sentry: Synced 18 assets to /Users/zerbytheboss/.openclaw/workspace/AION_MARKET_DATA.json
[2026-02-07T10:41:35.324Z] Sentry: Pinging Markets...
✅ Sentry: Synced 18 assets to /Users/zerbytheboss/.openclaw/workspace/AION_MARKET_DATA.json
[2026-02-07T10:42:35.672Z] Sentry: Pinging Markets...
✅ Sentry: Synced 18 assets to /Users/zerbytheboss/.openclaw/workspace/AION_MARKET_DATA.json
[2026-02-07T10:43:36.013Z] Sentry: Pinging Markets...
✅ Sentry: Synced 18 assets to /Users/zerbytheboss/.openclaw/workspace/AION_MARKET_DATA.json
[2026-02-07T10:44:36.436Z] Sentry: Pinging Markets...
✅ Sentry: Synced 18 assets to /Users/zerbytheboss/.openclaw/workspace/AION_MARKET_DATA.json
[2026-02-07T10:45:36.885Z] Sentry: Pinging Markets...
✅ Sentry: Synced 18 assets to /Users/zerbytheboss/.openclaw/workspace/AION_MARKET_DATA.json
[2026-02-07T10:46:37.246Z] Sentry: Pinging Markets...
✅ Sentry: Synced 18 assets to /Users/zerbytheboss/.openclaw/workspace/AION_MARKET_DATA.json
[2026-02-07T10:47:37.637Z] Sentry: Pinging Markets...
✅ Sentry: Synced 18 assets to /Users/zerbytheboss/.openclaw/workspace/AION_MARKET_DATA.json
[2026-02-07T10:48:38.008Z] Sentry: Pinging Markets...
✅ Sentry: Synced 18 assets to /Users/zerbytheboss/.openclaw/workspace/AION_MARKET_DATA.json
[2026-02-07T10:49:38.332Z] Sentry: Pinging Markets...
✅ Sentry: Synced 18 assets to /Users/zerbytheboss/.openclaw/workspace/AION_MARKET_DATA.json
[2026-02-07T10:50:38.732Z] Sentry: Pinging Markets...
✅ Sentry: Synced 18 assets to /Users/zerbytheboss/.openclaw/workspace/AION_MARKET_DATA.json
[2026-02-07T10:51:39.042Z] Sentry: Pinging Markets...
✅ Sentry: Synced 18 assets to /Users/zerbytheboss/.openclaw/workspace/AION_MARKET_DATA.json
[2026-02-07T10:52:39.353Z] Sentry: Pinging Markets...
✅ Sentry: Synced 18 assets to /Users/zerbytheboss/.openclaw/workspace/AION_MARKET_DATA.json
[2026-02-07T10:53:39.779Z] Sentry: Pinging Markets...
✅ Sentry: Synced 18 assets to /Users/zerbytheboss/.openclaw/workspace/AION_MARKET_DATA.json
[2026-02-07T10:54:40.166Z] Sentry: Pinging Markets...
✅ Sentry: Synced 18 assets to /Users/zerbytheboss/.openclaw/workspace/AION_MARKET_DATA.json
[2026-02-07T10:55:40.624Z] Sentry: Pinging Markets...
✅ Sentry: Synced 18 assets to /Users/zerbytheboss/.openclaw/workspace/AION_MARKET_DATA.json
[2026-02-07T10:56:41.025Z] Sentry: Pinging Markets...
✅ Sentry: Synced 18 assets to /Users/zerbytheboss/.openclaw/workspace/AION_MARKET_DATA.json
[2026-02-07T10:57:41.468Z] Sentry: Pinging Markets...
✅ Sentry: Synced 18 assets to /Users/zerbytheboss/.openclaw/workspace/AION_MARKET_DATA.json
[2026-02-07T10:58:41.822Z] Sentry: Pinging Markets...
✅ Sentry: Synced 18 assets to /Users/zerbytheboss/.openclaw/workspace/AION_MARKET_DATA.json
[2026-02-07T10:59:42.223Z] Sentry: Pinging Markets...
✅ Sentry: Synced 18 assets to /Users/zerbytheboss/.openclaw/workspace/AION_MARKET_DATA.json
[2026-02-07T11:00:42.552Z] Sentry: Pinging Markets...
✅ Sentry: Synced 18 assets to /Users/zerbytheboss/.openclaw/workspace/AION_MARKET_DATA.json
[2026-02-07T11:01:42.886Z] Sentry: Pinging Markets...
✅ Sentry: Synced 18 assets to /Users/zerbytheboss/.openclaw/workspace/AION_MARKET_DATA.json
[2026-02-07T11:02:43.319Z] Sentry: Pinging Markets...
✅ Sentry: Synced 18 assets to /Users/zerbytheboss/.openclaw/workspace/AION_MARKET_DATA.json
[2026-02-07T11:03:43.655Z] Sentry: Pinging Markets...
✅ Sentry: Synced 18 assets to /Users/zerbytheboss/.openclaw/workspace/AION_MARKET_DATA.json
[2026-02-07T11:04:44.062Z] Sentry: Pinging Markets...
✅ Sentry: Synced 18 assets to /Users/zerbytheboss/.openclaw/workspace/AION_MARKET_DATA.json
[2026-02-07T11:05:44.441Z] Sentry: Pinging Markets...
✅ Sentry: Synced 18 assets to /Users/zerbytheboss/.openclaw/workspace/AION_MARKET_DATA.json
[2026-02-07T11:06:44.899Z] Sentry: Pinging Markets...
✅ Sentry: Synced 18 assets to /Users/zerbytheboss/.openclaw/workspace/AION_MARKET_DATA.json
[2026-02-07T11:07:45.323Z] Sentry: Pinging Markets...
✅ Sentry: Synced 18 assets to /Users/zerbytheboss/.openclaw/workspace/AION_MARKET_DATA.json
[2026-02-07T11:08:45.678Z] Sentry: Pinging Markets...
✅ Sentry: Synced 18 assets to /Users/zerbytheboss/.openclaw/workspace/AION_MARKET_DATA.json
[2026-02-07T11:09:46.058Z] Sentry: Pinging Markets...
✅ Sentry: Synced 18 assets to /Users/zerbytheboss/.openclaw/workspace/AION_MARKET_DATA.json
[2026-02-07T11:10:46.436Z] Sentry: Pinging Markets...
✅ Sentry: Synced 18 assets to /Users/zerbytheboss/.openclaw/workspace/AION_MARKET_DATA.json
[2026-02-07T11:11:46.796Z] Sentry: Pinging Markets...
✅ Sentry: Synced 18 assets to /Users/zerbytheboss/.openclaw/workspace/AION_MARKET_DATA.json
[2026-02-07T11:12:47.114Z] Sentry: Pinging Markets...
✅ Sentry: Synced 18 assets to /Users/zerbytheboss/.openclaw/workspace/AION_MARKET_DATA.json
[2026-02-07T11:13:47.476Z] Sentry: Pinging Markets...
✅ Sentry: Synced 18 assets to /Users/zerbytheboss/.openclaw/workspace/AION_MARKET_DATA.json
[2026-02-07T11:14:47.885Z] Sentry: Pinging Markets...
✅ Sentry: Synced 18 assets to /Users/zerbytheboss/.openclaw/workspace/AION_MARKET_DATA.json
[2026-02-07T11:15:48.315Z] Sentry: Pinging Markets...
✅ Sentry: Synced 18 assets to /Users/zerbytheboss/.openclaw/workspace/AION_MARKET_DATA.json
[2026-02-07T11:16:48.724Z] Sentry: Pinging Markets...
✅ Sentry: Synced 18 assets to /Users/zerbytheboss/.openclaw/workspace/AION_MARKET_DATA.json
[2026-02-07T11:17:49.084Z] Sentry: Pinging Markets...
✅ Sentry: Synced 18 assets to /Users/zerbytheboss/.openclaw/workspace/AION_MARKET_DATA.json
[2026-02-07T11:18:49.404Z] Sentry: Pinging Markets...
✅ Sentry: Synced 18 assets to /Users/zerbytheboss/.openclaw/workspace/AION_MARKET_DATA.json
[2026-02-07T11:19:49.711Z] Sentry: Pinging Markets...
✅ Sentry: Synced 18 assets to /Users/zerbytheboss/.openclaw/workspace/AION_MARKET_DATA.json
[2026-02-07T11:20:50.067Z] Sentry: Pinging Markets...
✅ Sentry: Synced 18 assets to /Users/zerbytheboss/.openclaw/workspace/AION_MARKET_DATA.json
[2026-02-07T11:21:50.361Z] Sentry: Pinging Markets...
✅ Sentry: Synced 18 assets to /Users/zerbytheboss/.openclaw/workspace/AION_MARKET_DATA.json
[2026-02-07T11:22:50.663Z] Sentry: Pinging Markets...
✅ Sentry: Synced 18 assets to /Users/zerbytheboss/.openclaw/workspace/AION_MARKET_DATA.json
[2026-02-07T11:23:51.059Z] Sentry: Pinging Markets...
✅ Sentry: Synced 18 assets to /Users/zerbytheboss/.openclaw/workspace/AION_MARKET_DATA.json
[2026-02-07T11:24:51.390Z] Sentry: Pinging Markets...
✅ Sentry: Synced 18 assets to /Users/zerbytheboss/.openclaw/workspace/AION_MARKET_DATA.json
[2026-02-07T11:25:51.819Z] Sentry: Pinging Markets...
✅ Sentry: Synced 18 assets to /Users/zerbytheboss/.openclaw/workspace/AION_MARKET_DATA.json
[2026-02-07T11:26:52.181Z] Sentry: Pinging Markets...
✅ Sentry: Synced 18 assets to /Users/zerbytheboss/.openclaw/workspace/AION_MARKET_DATA.json
[2026-02-07T11:27:52.581Z] Sentry: Pinging Markets...
✅ Sentry: Synced 18 assets to /Users/zerbytheboss/.openclaw/workspace/AION_MARKET_DATA.json
[2026-02-07T11:28:52.887Z] Sentry: Pinging Markets...
✅ Sentry: Synced 18 assets to /Users/zerbytheboss/.openclaw/workspace/AION_MARKET_DATA.json
[2026-02-07T11:29:53.195Z] Sentry: Pinging Markets...
✅ Sentry: Synced 18 assets to /Users/zerbytheboss/.openclaw/workspace/AION_MARKET_DATA.json
[2026-02-07T11:30:53.521Z] Sentry: Pinging Markets...
✅ Sentry: Synced 18 assets to /Users/zerbytheboss/.openclaw/workspace/AION_MARKET_DATA.json
[2026-02-07T11:31:53.831Z] Sentry: Pinging Markets...
✅ Sentry: Synced 18 assets to /Users/zerbytheboss/.openclaw/workspace/AION_MARKET_DATA.json
[2026-02-07T11:32:54.234Z] Sentry: Pinging Markets...
✅ Sentry: Synced 18 assets to /Users/zerbytheboss/.openclaw/workspace/AION_MARKET_DATA.json
[2026-02-07T11:33:54.555Z] Sentry: Pinging Markets...
✅ Sentry: Synced 18 assets to /Users/zerbytheboss/.openclaw/workspace/AION_MARKET_DATA.json
[2026-02-07T11:34:54.953Z] Sentry: Pinging Markets...
✅ Sentry: Synced 18 assets to /Users/zerbytheboss/.openclaw/workspace/AION_MARKET_DATA.json
[2026-02-07T11:35:55.360Z] Sentry: Pinging Markets...
✅ Sentry: Synced 18 assets to /Users/zerbytheboss/.openclaw/workspace/AION_MARKET_DATA.json
[2026-02-07T11:36:55.729Z] Sentry: Pinging Markets...
✅ Sentry: Synced 18 assets to /Users/zerbytheboss/.openclaw/workspace/AION_MARKET_DATA.json
[2026-02-07T11:37:56.075Z] Sentry: Pinging Markets...
✅ Sentry: Synced 18 assets to /Users/zerbytheboss/.openclaw/workspace/AION_MARKET_DATA.json
[2026-02-07T11:38:56.385Z] Sentry: Pinging Markets...
✅ Sentry: Synced 18 assets to /Users/zerbytheboss/.openclaw/workspace/AION_MARKET_DATA.json
[2026-02-07T11:39:56.710Z] Sentry: Pinging Markets...
✅ Sentry: Synced 18 assets to /Users/zerbytheboss/.openclaw/workspace/AION_MARKET_DATA.json
[2026-02-07T11:40:57.266Z] Sentry: Pinging Markets...
✅ Sentry: Synced 18 assets to /Users/zerbytheboss/.openclaw/workspace/AION_MARKET_DATA.json
[2026-02-07T11:41:57.735Z] Sentry: Pinging Markets...
✅ Sentry: Synced 18 assets to /Users/zerbytheboss/.openclaw/workspace/AION_MARKET_DATA.json
[2026-02-07T11:42:58.076Z] Sentry: Pinging Markets...
✅ Sentry: Synced 18 assets to /Users/zerbytheboss/.openclaw/workspace/AION_MARKET_DATA.json
[2026-02-07T11:43:58.417Z] Sentry: Pinging Markets...
✅ Sentry: Synced 18 assets to /Users/zerbytheboss/.openclaw/workspace/AION_MARKET_DATA.json
[2026-02-07T11:44:58.809Z] Sentry: Pinging Markets...
✅ Sentry: Synced 18 assets to /Users/zerbytheboss/.openclaw/workspace/AION_MARKET_DATA.json
[2026-02-07T11:45:59.119Z] Sentry: Pinging Markets...
✅ Sentry: Synced 18 assets to /Users/zerbytheboss/.openclaw/workspace/AION_MARKET_DATA.json
[2026-02-07T11:46:59.539Z] Sentry: Pinging Markets...
✅ Sentry: Synced 18 assets to /Users/zerbytheboss/.openclaw/workspace/AION_MARKET_DATA.json
[2026-02-07T11:47:59.905Z] Sentry: Pinging Markets...
✅ Sentry: Synced 18 assets to /Users/zerbytheboss/.openclaw/workspace/AION_MARKET_DATA.json
[2026-02-07T11:49:00.299Z] Sentry: Pinging Markets...
✅ Sentry: Synced 18 assets to /Users/zerbytheboss/.openclaw/workspace/AION_MARKET_DATA.json
[2026-02-07T11:50:00.599Z] Sentry: Pinging Markets...
✅ Sentry: Synced 18 assets to /Users/zerbytheboss/.openclaw/workspace/AION_MARKET_DATA.json
[2026-02-07T11:51:00.998Z] Sentry: Pinging Markets...
✅ Sentry: Synced 18 assets to /Users/zerbytheboss/.openclaw/workspace/AION_MARKET_DATA.json
[2026-02-07T11:52:01.418Z] Sentry: Pinging Markets...
✅ Sentry: Synced 18 assets to /Users/zerbytheboss/.openclaw/workspace/AION_MARKET_DATA.json
[2026-02-07T11:53:01.833Z] Sentry: Pinging Markets...
✅ Sentry: Synced 18 assets to /Users/zerbytheboss/.openclaw/workspace/AION_MARKET_DATA.json
[2026-02-07T11:54:02.233Z] Sentry: Pinging Markets...
✅ Sentry: Synced 18 assets to /Users/zerbytheboss/.openclaw/workspace/AION_MARKET_DATA.json
[2026-02-07T11:55:02.579Z] Sentry: Pinging Markets...
✅ Sentry: Synced 18 assets to /Users/zerbytheboss/.openclaw/workspace/AION_MARKET_DATA.json
[2026-02-07T11:56:02.935Z] Sentry: Pinging Markets...
✅ Sentry: Synced 18 assets to /Users/zerbytheboss/.openclaw/workspace/AION_MARKET_DATA.json
[2026-02-07T11:57:03.253Z] Sentry: Pinging Markets...
✅ Sentry: Synced 18 assets to /Users/zerbytheboss/.openclaw/workspace/AION_MARKET_DATA.json
[2026-02-07T11:58:03.669Z] Sentry: Pinging Markets...
✅ Sentry: Synced 18 assets to /Users/zerbytheboss/.openclaw/workspace/AION_MARKET_DATA.json
[2026-02-07T11:59:04.118Z] Sentry: Pinging Markets...
✅ Sentry: Synced 18 assets to /Users/zerbytheboss/.openclaw/workspace/AION_MARKET_DATA.json
[2026-02-07T12:00:04.499Z] Sentry: Pinging Markets...
✅ Sentry: Synced 18 assets to /Users/zerbytheboss/.openclaw/workspace/AION_MARKET_DATA.json
[2026-02-07T12:01:04.854Z] Sentry: Pinging Markets...
✅ Sentry: Synced 18 assets to /Users/zerbytheboss/.openclaw/workspace/AION_MARKET_DATA.json
[2026-02-07T12:02:05.234Z] Sentry: Pinging Markets...
✅ Sentry: Synced 18 assets to /Users/zerbytheboss/.openclaw/workspace/AION_MARKET_DATA.json
[2026-02-07T12:03:05.665Z] Sentry: Pinging Markets...
✅ Sentry: Synced 18 assets to /Users/zerbytheboss/.openclaw/workspace/AION_MARKET_DATA.json
[2026-02-07T12:04:05.976Z] Sentry: Pinging Markets...
✅ Sentry: Synced 18 assets to /Users/zerbytheboss/.openclaw/workspace/AION_MARKET_DATA.json
[2026-02-07T12:05:06.285Z] Sentry: Pinging Markets...
✅ Sentry: Synced 18 assets to /Users/zerbytheboss/.openclaw/workspace/AION_MARKET_DATA.json
[2026-02-07T12:06:06.686Z] Sentry: Pinging Markets...
✅ Sentry: Synced 18 assets to /Users/zerbytheboss/.openclaw/workspace/AION_MARKET_DATA.json
[2026-02-07T12:07:07.095Z] Sentry: Pinging Markets...
✅ Sentry: Synced 18 assets to /Users/zerbytheboss/.openclaw/workspace/AION_MARKET_DATA.json
[2026-02-07T12:08:07.492Z] Sentry: Pinging Markets...
✅ Sentry: Synced 18 assets to /Users/zerbytheboss/.openclaw/workspace/AION_MARKET_DATA.json
[2026-02-07T12:09:07.829Z] Sentry: Pinging Markets...
✅ Sentry: Synced 18 assets to /Users/zerbytheboss/.openclaw/workspace/AION_MARKET_DATA.json
[2026-02-07T12:10:08.153Z] Sentry: Pinging Markets...
✅ Sentry: Synced 18 assets to /Users/zerbytheboss/.openclaw/workspace/AION_MARKET_DATA.json
[2026-02-07T12:11:08.560Z] Sentry: Pinging Markets...
✅ Sentry: Synced 18 assets to /Users/zerbytheboss/.openclaw/workspace/AION_MARKET_DATA.json
[2026-02-07T12:12:08.886Z] Sentry: Pinging Markets...
✅ Sentry: Synced 18 assets to /Users/zerbytheboss/.openclaw/workspace/AION_MARKET_DATA.json
[2026-02-07T12:13:09.275Z] Sentry: Pinging Markets...
✅ Sentry: Synced 18 assets to /Users/zerbytheboss/.openclaw/workspace/AION_MARKET_DATA.json
[2026-02-07T12:14:09.660Z] Sentry: Pinging Markets...
✅ Sentry: Synced 18 assets to /Users/zerbytheboss/.openclaw/workspace/AION_MARKET_DATA.json
[2026-02-07T12:15:10.085Z] Sentry: Pinging Markets...
✅ Sentry: Synced 18 assets to /Users/zerbytheboss/.openclaw/workspace/AION_MARKET_DATA.json
[2026-02-07T12:16:10.418Z] Sentry: Pinging Markets...
✅ Sentry: Synced 18 assets to /Users/zerbytheboss/.openclaw/workspace/AION_MARKET_DATA.json
[2026-02-07T12:17:10.830Z] Sentry: Pinging Markets...
✅ Sentry: Synced 18 assets to /Users/zerbytheboss/.openclaw/workspace/AION_MARKET_DATA.json
[2026-02-07T12:18:11.299Z] Sentry: Pinging Markets...
✅ Sentry: Synced 18 assets to /Users/zerbytheboss/.openclaw/workspace/AION_MARKET_DATA.json
[2026-02-07T12:19:11.727Z] Sentry: Pinging Markets...
✅ Sentry: Synced 18 assets to /Users/zerbytheboss/.openclaw/workspace/AION_MARKET_DATA.json
[2026-02-07T12:20:12.040Z] Sentry: Pinging Markets...
✅ Sentry: Synced 18 assets to /Users/zerbytheboss/.openclaw/workspace/AION_MARKET_DATA.json
[2026-02-07T12:21:12.335Z] Sentry: Pinging Markets...
✅ Sentry: Synced 18 assets to /Users/zerbytheboss/.openclaw/workspace/AION_MARKET_DATA.json
[2026-02-07T12:22:12.699Z] Sentry: Pinging Markets...
✅ Sentry: Synced 18 assets to /Users/zerbytheboss/.openclaw/workspace/AION_MARKET_DATA.json
[2026-02-07T12:23:13.125Z] Sentry: Pinging Markets...
✅ Sentry: Synced 18 assets to /Users/zerbytheboss/.openclaw/workspace/AION_MARKET_DATA.json
[2026-02-07T12:24:13.471Z] Sentry: Pinging Markets...
✅ Sentry: Synced 18 assets to /Users/zerbytheboss/.openclaw/workspace/AION_MARKET_DATA.json
[2026-02-07T12:25:13.881Z] Sentry: Pinging Markets...
✅ Sentry: Synced 18 assets to /Users/zerbytheboss/.openclaw/workspace/AION_MARKET_DATA.json
[2026-02-07T12:26:14.252Z] Sentry: Pinging Markets...
✅ Sentry: Synced 18 assets to /Users/zerbytheboss/.openclaw/workspace/AION_MARKET_DATA.json
[2026-02-07T12:27:14.628Z] Sentry: Pinging Markets...
✅ Sentry: Synced 18 assets to /Users/zerbytheboss/.openclaw/workspace/AION_MARKET_DATA.json
[2026-02-07T12:28:14.938Z] Sentry: Pinging Markets...
✅ Sentry: Synced 18 assets to /Users/zerbytheboss/.openclaw/workspace/AION_MARKET_DATA.json
[2026-02-07T12:29:15.270Z] Sentry: Pinging Markets...
✅ Sentry: Synced 18 assets to /Users/zerbytheboss/.openclaw/workspace/AION_MARKET_DATA.json
[2026-02-07T12:30:15.711Z] Sentry: Pinging Markets...
✅ Sentry: Synced 18 assets to /Users/zerbytheboss/.openclaw/workspace/AION_MARKET_DATA.json
[2026-02-07T12:31:16.155Z] Sentry: Pinging Markets...
✅ Sentry: Synced 18 assets to /Users/zerbytheboss/.openclaw/workspace/AION_MARKET_DATA.json
[2026-02-07T12:32:16.537Z] Sentry: Pinging Markets...
✅ Sentry: Synced 18 assets to /Users/zerbytheboss/.openclaw/workspace/AION_MARKET_DATA.json
[2026-02-07T12:33:16.912Z] Sentry: Pinging Markets...
✅ Sentry: Synced 18 assets to /Users/zerbytheboss/.openclaw/workspace/AION_MARKET_DATA.json
[2026-02-07T12:34:17.281Z] Sentry: Pinging Markets...
✅ Sentry: Synced 18 assets to /Users/zerbytheboss/.openclaw/workspace/AION_MARKET_DATA.json
[2026-02-07T12:35:17.702Z] Sentry: Pinging Markets...
✅ Sentry: Synced 18 assets to /Users/zerbytheboss/.openclaw/workspace/AION_MARKET_DATA.json
[2026-02-07T12:36:18.027Z] Sentry: Pinging Markets...
✅ Sentry: Synced 18 assets to /Users/zerbytheboss/.openclaw/workspace/AION_MARKET_DATA.json
[2026-02-07T12:37:18.340Z] Sentry: Pinging Markets...
✅ Sentry: Synced 18 assets to /Users/zerbytheboss/.openclaw/workspace/AION_MARKET_DATA.json
[2026-02-07T12:38:18.735Z] Sentry: Pinging Markets...
✅ Sentry: Synced 18 assets to /Users/zerbytheboss/.openclaw/workspace/AION_MARKET_DATA.json
[2026-02-07T12:39:19.161Z] Sentry: Pinging Markets...
✅ Sentry: Synced 18 assets to /Users/zerbytheboss/.openclaw/workspace/AION_MARKET_DATA.json
[2026-02-07T12:40:19.486Z] Sentry: Pinging Markets...
✅ Sentry: Synced 18 assets to /Users/zerbytheboss/.openclaw/workspace/AION_MARKET_DATA.json
[2026-02-07T12:41:19.780Z] Sentry: Pinging Markets...
✅ Sentry: Synced 18 assets to /Users/zerbytheboss/.openclaw/workspace/AION_MARKET_DATA.json
[2026-02-07T12:42:20.130Z] Sentry: Pinging Markets...
✅ Sentry: Synced 18 assets to /Users/zerbytheboss/.openclaw/workspace/AION_MARKET_DATA.json
[2026-02-07T12:43:20.584Z] Sentry: Pinging Markets...
✅ Sentry: Synced 18 assets to /Users/zerbytheboss/.openclaw/workspace/AION_MARKET_DATA.json
[2026-02-07T12:44:21.019Z] Sentry: Pinging Markets...
✅ Sentry: Synced 18 assets to /Users/zerbytheboss/.openclaw/workspace/AION_MARKET_DATA.json
[2026-02-07T12:45:21.409Z] Sentry: Pinging Markets...
✅ Sentry: Synced 18 assets to /Users/zerbytheboss/.openclaw/workspace/AION_MARKET_DATA.json
[2026-02-07T12:46:21.762Z] Sentry: Pinging Markets...
✅ Sentry: Synced 18 assets to /Users/zerbytheboss/.openclaw/workspace/AION_MARKET_DATA.json
[2026-02-07T12:47:22.086Z] Sentry: Pinging Markets...
✅ Sentry: Synced 18 assets to /Users/zerbytheboss/.openclaw/workspace/AION_MARKET_DATA.json
[2026-02-07T12:48:22.391Z] Sentry: Pinging Markets...
✅ Sentry: Synced 18 assets to /Users/zerbytheboss/.openclaw/workspace/AION_MARKET_DATA.json
[2026-02-07T12:49:22.710Z] Sentry: Pinging Markets...
✅ Sentry: Synced 18 assets to /Users/zerbytheboss/.openclaw/workspace/AION_MARKET_DATA.json
[2026-02-07T12:50:23.050Z] Sentry: Pinging Markets...
✅ Sentry: Synced 18 assets to /Users/zerbytheboss/.openclaw/workspace/AION_MARKET_DATA.json
[2026-02-07T12:51:23.459Z] Sentry: Pinging Markets...
✅ Sentry: Synced 18 assets to /Users/zerbytheboss/.openclaw/workspace/AION_MARKET_DATA.json
[2026-02-07T12:52:23.811Z] Sentry: Pinging Markets...
✅ Sentry: Synced 18 assets to /Users/zerbytheboss/.openclaw/workspace/AION_MARKET_DATA.json
[2026-02-07T12:53:24.185Z] Sentry: Pinging Markets...
✅ Sentry: Synced 18 assets to /Users/zerbytheboss/.openclaw/workspace/AION_MARKET_DATA.json
[2026-02-07T12:54:24.608Z] Sentry: Pinging Markets...
✅ Sentry: Synced 18 assets to /Users/zerbytheboss/.openclaw/workspace/AION_MARKET_DATA.json
[2026-02-07T12:55:24.931Z] Sentry: Pinging Markets...
✅ Sentry: Synced 18 assets to /Users/zerbytheboss/.openclaw/workspace/AION_MARKET_DATA.json
[2026-02-07T12:56:25.233Z] Sentry: Pinging Markets...
✅ Sentry: Synced 18 assets to /Users/zerbytheboss/.openclaw/workspace/AION_MARKET_DATA.json
[2026-02-07T12:57:25.541Z] Sentry: Pinging Markets...
✅ Sentry: Synced 18 assets to /Users/zerbytheboss/.openclaw/workspace/AION_MARKET_DATA.json
[2026-02-07T12:58:25.867Z] Sentry: Pinging Markets...
✅ Sentry: Synced 18 assets to /Users/zerbytheboss/.openclaw/workspace/AION_MARKET_DATA.json
[2026-02-07T12:59:26.190Z] Sentry: Pinging Markets...
✅ Sentry: Synced 18 assets to /Users/zerbytheboss/.openclaw/workspace/AION_MARKET_DATA.json
[2026-02-07T13:00:26.501Z] Sentry: Pinging Markets...
✅ Sentry: Synced 18 assets to /Users/zerbytheboss/.openclaw/workspace/AION_MARKET_DATA.json
[2026-02-07T13:01:26.925Z] Sentry: Pinging Markets...
✅ Sentry: Synced 18 assets to /Users/zerbytheboss/.openclaw/workspace/AION_MARKET_DATA.json
[2026-02-07T13:02:27.372Z] Sentry: Pinging Markets...
Crypto Fetch Error: HTTP 429: {"status":{"error_code":429,"error_message":"You've exceeded the Rate Limit. Please visit https://www.coingecko.com/en/api/pricing to subscribe to our API plans for higher rate limits."}}
✅ Sentry: Synced 15 assets to /Users/zerbytheboss/.openclaw/workspace/AION_MARKET_DATA.json
[2026-02-07T13:03:27.843Z] Sentry: Pinging Markets...
✅ Sentry: Synced 18 assets to /Users/zerbytheboss/.openclaw/workspace/AION_MARKET_DATA.json
[2026-02-07T13:04:28.170Z] Sentry: Pinging Markets...
✅ Sentry: Synced 18 assets to /Users/zerbytheboss/.openclaw/workspace/AION_MARKET_DATA.json
[2026-02-07T13:05:28.489Z] Sentry: Pinging Markets...
Crypto Fetch Error: HTTP 429: {"status":{"error_code":429,"error_message":"You've exceeded the Rate Limit. Please visit https://www.coingecko.com/en/api/pricing to subscribe to our API plans for higher rate limits."}}
✅ Sentry: Synced 15 assets to /Users/zerbytheboss/.openclaw/workspace/AION_MARKET_DATA.json
[2026-02-07T13:06:28.803Z] Sentry: Pinging Markets...
✅ Sentry: Synced 18 assets to /Users/zerbytheboss/.openclaw/workspace/AION_MARKET_DATA.json
[2026-02-07T13:07:29.109Z] Sentry: Pinging Markets...
✅ Sentry: Synced 18 assets to /Users/zerbytheboss/.openclaw/workspace/AION_MARKET_DATA.json
[2026-02-07T13:08:29.509Z] Sentry: Pinging Markets...
Crypto Fetch Error: HTTP 429: {"status":{"error_code":429,"error_message":"You've exceeded the Rate Limit. Please visit https://www.coingecko.com/en/api/pricing to subscribe to our API plans for higher rate limits."}}
✅ Sentry: Synced 15 assets to /Users/zerbytheboss/.openclaw/workspace/AION_MARKET_DATA.json
[2026-02-07T13:09:29.848Z] Sentry: Pinging Markets...
✅ Sentry: Synced 18 assets to /Users/zerbytheboss/.openclaw/workspace/AION_MARKET_DATA.json
[2026-02-07T13:10:30.280Z] Sentry: Pinging Markets...
✅ Sentry: Synced 18 assets to /Users/zerbytheboss/.openclaw/workspace/AION_MARKET_DATA.json
[2026-02-07T13:11:30.724Z] Sentry: Pinging Markets...
Crypto Fetch Error: HTTP 429: {"status":{"error_code":429,"error_message":"You've exceeded the Rate Limit. Please visit https://www.coingecko.com/en/api/pricing to subscribe to our API plans for higher rate limits."}}
✅ Sentry: Synced 15 assets to /Users/zerbytheboss/.openclaw/workspace/AION_MARKET_DATA.json
[2026-02-07T13:12:31.050Z] Sentry: Pinging Markets...
✅ Sentry: Synced 18 assets to /Users/zerbytheboss/.openclaw/workspace/AION_MARKET_DATA.json
[2026-02-07T13:13:31.399Z] Sentry: Pinging Markets...
✅ Sentry: Synced 18 assets to /Users/zerbytheboss/.openclaw/workspace/AION_MARKET_DATA.json
[2026-02-07T13:14:31.809Z] Sentry: Pinging Markets...
Crypto Fetch Error: HTTP 429: {"status":{"error_code":429,"error_message":"You've exceeded the Rate Limit. Please visit https://www.coingecko.com/en/api/pricing to subscribe to our API plans for higher rate limits."}}
✅ Sentry: Synced 15 assets to /Users/zerbytheboss/.openclaw/workspace/AION_MARKET_DATA.json
[2026-02-07T13:15:32.121Z] Sentry: Pinging Markets...
✅ Sentry: Synced 18 assets to /Users/zerbytheboss/.openclaw/workspace/AION_MARKET_DATA.json
[2026-02-07T13:16:32.428Z] Sentry: Pinging Markets...
Crypto Fetch Error: HTTP 429: {"status":{"error_code":429,"error_message":"You've exceeded the Rate Limit. Please visit https://www.coingecko.com/en/api/pricing to subscribe to our API plans for higher rate limits."}}
✅ Sentry: Synced 15 assets to /Users/zerbytheboss/.openclaw/workspace/AION_MARKET_DATA.json
[2026-02-07T13:17:32.844Z] Sentry: Pinging Markets...
✅ Sentry: Synced 18 assets to /Users/zerbytheboss/.openclaw/workspace/AION_MARKET_DATA.json
[2026-02-07T13:18:33.226Z] Sentry: Pinging Markets...
✅ Sentry: Synced 18 assets to /Users/zerbytheboss/.openclaw/workspace/AION_MARKET_DATA.json
[2026-02-07T13:19:33.695Z] Sentry: Pinging Markets...
Crypto Fetch Error: HTTP 429: {"status":{"error_code":429,"error_message":"You've exceeded the Rate Limit. Please visit https://www.coingecko.com/en/api/pricing to subscribe to our API plans for higher rate limits."}}
✅ Sentry: Synced 15 assets to /Users/zerbytheboss/.openclaw/workspace/AION_MARKET_DATA.json
[2026-02-07T13:20:34.087Z] Sentry: Pinging Markets...
✅ Sentry: Synced 18 assets to /Users/zerbytheboss/.openclaw/workspace/AION_MARKET_DATA.json
[2026-02-07T13:21:34.431Z] Sentry: Pinging Markets...
✅ Sentry: Synced 18 assets to /Users/zerbytheboss/.openclaw/workspace/AION_MARKET_DATA.json
[2026-02-07T13:22:34.825Z] Sentry: Pinging Markets...
Crypto Fetch Error: HTTP 429: {"status":{"error_code":429,"error_message":"You've exceeded the Rate Limit. Please visit https://www.coingecko.com/en/api/pricing to subscribe to our API plans for higher rate limits."}}
✅ Sentry: Synced 15 assets to /Users/zerbytheboss/.openclaw/workspace/AION_MARKET_DATA.json
[2026-02-07T13:23:35.221Z] Sentry: Pinging Markets...
✅ Sentry: Synced 18 assets to /Users/zerbytheboss/.openclaw/workspace/AION_MARKET_DATA.json
[2026-02-07T13:24:35.656Z] Sentry: Pinging Markets...
Crypto Fetch Error: HTTP 429: {"status":{"error_code":429,"error_message":"You've exceeded the Rate Limit. Please visit https://www.coingecko.com/en/api/pricing to subscribe to our API plans for higher rate limits."}}
✅ Sentry: Synced 15 assets to /Users/zerbytheboss/.openclaw/workspace/AION_MARKET_DATA.json
[2026-02-07T13:25:35.999Z] Sentry: Pinging Markets...
✅ Sentry: Synced 18 assets to /Users/zerbytheboss/.openclaw/workspace/AION_MARKET_DATA.json
[2026-02-07T13:26:36.394Z] Sentry: Pinging Markets...
Crypto Fetch Error: HTTP 429: {"status":{"error_code":429,"error_message":"You've exceeded the Rate Limit. Please visit https://www.coingecko.com/en/api/pricing to subscribe to our API plans for higher rate limits."}}
✅ Sentry: Synced 15 assets to /Users/zerbytheboss/.openclaw/workspace/AION_MARKET_DATA.json
[2026-02-07T13:27:36.836Z] Sentry: Pinging Markets...
Crypto Fetch Error: HTTP 429: {"status":{"error_code":429,"error_message":"You've exceeded the Rate Limit. Please visit https://www.coingecko.com/en/api/pricing to subscribe to our API plans for higher rate limits."}}
✅ Sentry: Synced 15 assets to /Users/zerbytheboss/.openclaw/workspace/AION_MARKET_DATA.json
[2026-02-07T13:28:37.331Z] Sentry: Pinging Markets...
✅ Sentry: Synced 18 assets to /Users/zerbytheboss/.openclaw/workspace/AION_MARKET_DATA.json
[2026-02-07T13:29:37.655Z] Sentry: Pinging Markets...
✅ Sentry: Synced 18 assets to /Users/zerbytheboss/.openclaw/workspace/AION_MARKET_DATA.json
[2026-02-07T13:30:37.968Z] Sentry: Pinging Markets...
✅ Sentry: Synced 18 assets to /Users/zerbytheboss/.openclaw/workspace/AION_MARKET_DATA.json
[2026-02-07T13:31:38.283Z] Sentry: Pinging Markets...
✅ Sentry: Synced 18 assets to /Users/zerbytheboss/.openclaw/workspace/AION_MARKET_DATA.json
[2026-02-07T13:32:38.684Z] Sentry: Pinging Markets...
Crypto Fetch Error: HTTP 429: {"status":{"error_code":429,"error_message":"You've exceeded the Rate Limit. Please visit https://www.coingecko.com/en/api/pricing to subscribe to our API plans for higher rate limits."}}
✅ Sentry: Synced 15 assets to /Users/zerbytheboss/.openclaw/workspace/AION_MARKET_DATA.json
[2026-02-07T13:33:39.012Z] Sentry: Pinging Markets...
✅ Sentry: Synced 18 assets to /Users/zerbytheboss/.openclaw/workspace/AION_MARKET_DATA.json
[2026-02-07T13:34:39.405Z] Sentry: Pinging Markets...
✅ Sentry: Synced 18 assets to /Users/zerbytheboss/.openclaw/workspace/AION_MARKET_DATA.json
[2026-02-07T13:35:39.806Z] Sentry: Pinging Markets...
✅ Sentry: Synced 18 assets to /Users/zerbytheboss/.openclaw/workspace/AION_MARKET_DATA.json
[2026-02-07T13:36:40.174Z] Sentry: Pinging Markets...
✅ Sentry: Synced 18 assets to /Users/zerbytheboss/.openclaw/workspace/AION_MARKET_DATA.json
[2026-02-07T13:37:40.510Z] Sentry: Pinging Markets...
✅ Sentry: Synced 18 assets to /Users/zerbytheboss/.openclaw/workspace/AION_MARKET_DATA.json
[2026-02-07T13:38:40.849Z] Sentry: Pinging Markets...
✅ Sentry: Synced 18 assets to /Users/zerbytheboss/.openclaw/workspace/AION_MARKET_DATA.json
[2026-02-07T13:39:41.428Z] Sentry: Pinging Markets...
✅ Sentry: Synced 18 assets to /Users/zerbytheboss/.openclaw/workspace/AION_MARKET_DATA.json
[2026-02-07T13:40:41.812Z] Sentry: Pinging Markets...
✅ Sentry: Synced 18 assets to /Users/zerbytheboss/.openclaw/workspace/AION_MARKET_DATA.json
[2026-02-07T13:41:42.382Z] Sentry: Pinging Markets...
Crypto Fetch Error: HTTP 429: {"status":{"error_code":429,"error_message":"You've exceeded the Rate Limit. Please visit https://www.coingecko.com/en/api/pricing to subscribe to our API plans for higher rate limits."}}
✅ Sentry: Synced 15 assets to /Users/zerbytheboss/.openclaw/workspace/AION_MARKET_DATA.json
[2026-02-07T13:42:42.828Z] Sentry: Pinging Markets...
✅ Sentry: Synced 18 assets to /Users/zerbytheboss/.openclaw/workspace/AION_MARKET_DATA.json
[2026-02-07T13:43:43.283Z] Sentry: Pinging Markets...
✅ Sentry: Synced 18 assets to /Users/zerbytheboss/.openclaw/workspace/AION_MARKET_DATA.json
[2026-02-07T13:44:43.585Z] Sentry: Pinging Markets...
✅ Sentry: Synced 18 assets to /Users/zerbytheboss/.openclaw/workspace/AION_MARKET_DATA.json
[2026-02-07T13:45:43.935Z] Sentry: Pinging Markets...
✅ Sentry: Synced 18 assets to /Users/zerbytheboss/.openclaw/workspace/AION_MARKET_DATA.json
[2026-02-07T13:46:44.285Z] Sentry: Pinging Markets...
✅ Sentry: Synced 18 assets to /Users/zerbytheboss/.openclaw/workspace/AION_MARKET_DATA.json
[2026-02-07T13:47:44.673Z] Sentry: Pinging Markets...
✅ Sentry: Synced 18 assets to /Users/zerbytheboss/.openclaw/workspace/AION_MARKET_DATA.json
[2026-02-07T13:48:45.006Z] Sentry: Pinging Markets...
✅ Sentry: Synced 18 assets to /Users/zerbytheboss/.openclaw/workspace/AION_MARKET_DATA.json
[2026-02-07T13:49:45.414Z] Sentry: Pinging Markets...
✅ Sentry: Synced 18 assets to /Users/zerbytheboss/.openclaw/workspace/AION_MARKET_DATA.json
[2026-02-07T13:50:45.817Z] Sentry: Pinging Markets...
✅ Sentry: Synced 18 assets to /Users/zerbytheboss/.openclaw/workspace/AION_MARKET_DATA.json
[2026-02-07T13:51:46.158Z] Sentry: Pinging Markets...
✅ Sentry: Synced 18 assets to /Users/zerbytheboss/.openclaw/workspace/AION_MARKET_DATA.json
[2026-02-07T13:52:46.515Z] Sentry: Pinging Markets...
✅ Sentry: Synced 18 assets to /Users/zerbytheboss/.openclaw/workspace/AION_MARKET_DATA.json
[2026-02-07T13:53:46.960Z] Sentry: Pinging Markets...
✅ Sentry: Synced 18 assets to /Users/zerbytheboss/.openclaw/workspace/AION_MARKET_DATA.json
[2026-02-07T13:54:47.419Z] Sentry: Pinging Markets...
✅ Sentry: Synced 18 assets to /Users/zerbytheboss/.openclaw/workspace/AION_MARKET_DATA.json
[2026-02-07T13:55:47.794Z] Sentry: Pinging Markets...
✅ Sentry: Synced 18 assets to /Users/zerbytheboss/.openclaw/workspace/AION_MARKET_DATA.json
[2026-02-07T13:56:48.137Z] Sentry: Pinging Markets...
Crypto Fetch Error: HTTP 429: {"status":{"error_code":429,"error_message":"You've exceeded the Rate Limit. Please visit https://www.coingecko.com/en/api/pricing to subscribe to our API plans for higher rate limits."}}
✅ Sentry: Synced 15 assets to /Users/zerbytheboss/.openclaw/workspace/AION_MARKET_DATA.json
[2026-02-07T13:57:48.486Z] Sentry: Pinging Markets...
✅ Sentry: Synced 18 assets to /Users/zerbytheboss/.openclaw/workspace/AION_MARKET_DATA.json
[2026-02-07T13:58:48.828Z] Sentry: Pinging Markets...
✅ Sentry: Synced 18 assets to /Users/zerbytheboss/.openclaw/workspace/AION_MARKET_DATA.json
[2026-02-07T13:59:49.269Z] Sentry: Pinging Markets...
✅ Sentry: Synced 18 assets to /Users/zerbytheboss/.openclaw/workspace/AION_MARKET_DATA.json
[2026-02-07T14:00:49.592Z] Sentry: Pinging Markets...
✅ Sentry: Synced 18 assets to /Users/zerbytheboss/.openclaw/workspace/AION_MARKET_DATA.json
[2026-02-07T14:01:50.022Z] Sentry: Pinging Markets...
Crypto Fetch Error: HTTP 429: {"status":{"error_code":429,"error_message":"You've exceeded the Rate Limit. Please visit https://www.coingecko.com/en/api/pricing to subscribe to our API plans for higher rate limits."}}
✅ Sentry: Synced 15 assets to /Users/zerbytheboss/.openclaw/workspace/AION_MARKET_DATA.json
[2026-02-07T14:02:50.385Z] Sentry: Pinging Markets...
✅ Sentry: Synced 18 assets to /Users/zerbytheboss/.openclaw/workspace/AION_MARKET_DATA.json
[2026-02-07T14:03:50.749Z] Sentry: Pinging Markets...
✅ Sentry: Synced 18 assets to /Users/zerbytheboss/.openclaw/workspace/AION_MARKET_DATA.json
[2026-02-07T14:04:51.114Z] Sentry: Pinging Markets...
✅ Sentry: Synced 18 assets to /Users/zerbytheboss/.openclaw/workspace/AION_MARKET_DATA.json
[2026-02-07T14:05:51.428Z] Sentry: Pinging Markets...
✅ Sentry: Synced 18 assets to /Users/zerbytheboss/.openclaw/workspace/AION_MARKET_DATA.json
[2026-02-07T14:06:51.859Z] Sentry: Pinging Markets...
✅ Sentry: Synced 18 assets to /Users/zerbytheboss/.openclaw/workspace/AION_MARKET_DATA.json
[2026-02-07T14:07:52.185Z] Sentry: Pinging Markets...
✅ Sentry: Synced 18 assets to /Users/zerbytheboss/.openclaw/workspace/AION_MARKET_DATA.json
[2026-02-07T14:08:52.611Z] Sentry: Pinging Markets...
✅ Sentry: Synced 18 assets to /Users/zerbytheboss/.openclaw/workspace/AION_MARKET_DATA.json
[2026-02-07T14:09:52.983Z] Sentry: Pinging Markets...
Crypto Fetch Error: HTTP 429: {"status":{"error_code":429,"error_message":"You've exceeded the Rate Limit. Please visit https://www.coingecko.com/en/api/pricing to subscribe to our API plans for higher rate limits."}}
✅ Sentry: Synced 15 assets to /Users/zerbytheboss/.openclaw/workspace/AION_MARKET_DATA.json
[2026-02-07T14:10:53.356Z] Sentry: Pinging Markets...
✅ Sentry: Synced 18 assets to /Users/zerbytheboss/.openclaw/workspace/AION_MARKET_DATA.json
[2026-02-07T14:11:53.860Z] Sentry: Pinging Markets...
Crypto Fetch Error: HTTP 429: {"status":{"error_code":429,"error_message":"You've exceeded the Rate Limit. Please visit https://www.coingecko.com/en/api/pricing to subscribe to our API plans for higher rate limits."}}
✅ Sentry: Synced 15 assets to /Users/zerbytheboss/.openclaw/workspace/AION_MARKET_DATA.json
[2026-02-07T14:12:54.169Z] Sentry: Pinging Markets...
✅ Sentry: Synced 18 assets to /Users/zerbytheboss/.openclaw/workspace/AION_MARKET_DATA.json
[2026-02-07T14:13:54.602Z] Sentry: Pinging Markets...
✅ Sentry: Synced 18 assets to /Users/zerbytheboss/.openclaw/workspace/AION_MARKET_DATA.json
[2026-02-07T14:14:55.017Z] Sentry: Pinging Markets...
✅ Sentry: Synced 18 assets to /Users/zerbytheboss/.openclaw/workspace/AION_MARKET_DATA.json
[2026-02-07T14:15:55.420Z] Sentry: Pinging Markets...
✅ Sentry: Synced 18 assets to /Users/zerbytheboss/.openclaw/workspace/AION_MARKET_DATA.json
[2026-02-07T14:16:55.752Z] Sentry: Pinging Markets...
Crypto Fetch Error: HTTP 429: {"status":{"error_code":429,"error_message":"You've exceeded the Rate Limit. Please visit https://www.coingecko.com/en/api/pricing to subscribe to our API plans for higher rate limits."}}
✅ Sentry: Synced 15 assets to /Users/zerbytheboss/.openclaw/workspace/AION_MARKET_DATA.json
[2026-02-07T14:17:56.153Z] Sentry: Pinging Markets...
✅ Sentry: Synced 18 assets to /Users/zerbytheboss/.openclaw/workspace/AION_MARKET_DATA.json
[2026-02-07T14:18:56.496Z] Sentry: Pinging Markets...
✅ Sentry: Synced 18 assets to /Users/zerbytheboss/.openclaw/workspace/AION_MARKET_DATA.json
[2026-02-07T14:19:56.908Z] Sentry: Pinging Markets...
Crypto Fetch Error: HTTP 429: {"status":{"error_code":429,"error_message":"You've exceeded the Rate Limit. Please visit https://www.coingecko.com/en/api/pricing to subscribe to our API plans for higher rate limits."}}
✅ Sentry: Synced 15 assets to /Users/zerbytheboss/.openclaw/workspace/AION_MARKET_DATA.json
[2026-02-07T14:20:57.287Z] Sentry: Pinging Markets...
✅ Sentry: Synced 18 assets to /Users/zerbytheboss/.openclaw/workspace/AION_MARKET_DATA.json
[2026-02-07T14:21:57.642Z] Sentry: Pinging Markets...
Crypto Fetch Error: HTTP 429: {"status":{"error_code":429,"error_message":"You've exceeded the Rate Limit. Please visit https://www.coingecko.com/en/api/pricing to subscribe to our API plans for higher rate limits."}}
✅ Sentry: Synced 15 assets to /Users/zerbytheboss/.openclaw/workspace/AION_MARKET_DATA.json
[2026-02-07T14:22:57.998Z] Sentry: Pinging Markets...
✅ Sentry: Synced 18 assets to /Users/zerbytheboss/.openclaw/workspace/AION_MARKET_DATA.json
[2026-02-07T14:23:58.346Z] Sentry: Pinging Markets...
✅ Sentry: Synced 18 assets to /Users/zerbytheboss/.openclaw/workspace/AION_MARKET_DATA.json
[2026-02-07T14:24:58.738Z] Sentry: Pinging Markets...
Crypto Fetch Error: HTTP 429: {"status":{"error_code":429,"error_message":"You've exceeded the Rate Limit. Please visit https://www.coingecko.com/en/api/pricing to subscribe to our API plans for higher rate limits."}}
✅ Sentry: Synced 15 assets to /Users/zerbytheboss/.openclaw/workspace/AION_MARKET_DATA.json
[2026-02-07T14:25:59.058Z] Sentry: Pinging Markets...
✅ Sentry: Synced 18 assets to /Users/zerbytheboss/.openclaw/workspace/AION_MARKET_DATA.json
[2026-02-07T14:26:59.475Z] Sentry: Pinging Markets...
Crypto Fetch Error: HTTP 429: {"status":{"error_code":429,"error_message":"You've exceeded the Rate Limit. Please visit https://www.coingecko.com/en/api/pricing to subscribe to our API plans for higher rate limits."}}
✅ Sentry: Synced 15 assets to /Users/zerbytheboss/.openclaw/workspace/AION_MARKET_DATA.json
[2026-02-07T14:27:59.883Z] Sentry: Pinging Markets...
Crypto Fetch Error: HTTP 429: {"status":{"error_code":429,"error_message":"You've exceeded the Rate Limit. Please visit https://www.coingecko.com/en/api/pricing to subscribe to our API plans for higher rate limits."}}
✅ Sentry: Synced 15 assets to /Users/zerbytheboss/.openclaw/workspace/AION_MARKET_DATA.json
[2026-02-07T14:29:00.250Z] Sentry: Pinging Markets...
✅ Sentry: Synced 18 assets to /Users/zerbytheboss/.openclaw/workspace/AION_MARKET_DATA.json
[2026-02-07T14:30:00.579Z] Sentry: Pinging Markets...
Crypto Fetch Error: HTTP 429: {"status":{"error_code":429,"error_message":"You've exceeded the Rate Limit. Please visit https://www.coingecko.com/en/api/pricing to subscribe to our API plans for higher rate limits."}}
✅ Sentry: Synced 15 assets to /Users/zerbytheboss/.openclaw/workspace/AION_MARKET_DATA.json
[2026-02-07T14:31:00.901Z] Sentry: Pinging Markets...
✅ Sentry: Synced 18 assets to /Users/zerbytheboss/.openclaw/workspace/AION_MARKET_DATA.json
[2026-02-07T14:32:01.327Z] Sentry: Pinging Markets...
Crypto Fetch Error: HTTP 429: {"status":{"error_code":429,"error_message":"You've exceeded the Rate Limit. Please visit https://www.coingecko.com/en/api/pricing to subscribe to our API plans for higher rate limits."}}
✅ Sentry: Synced 15 assets to /Users/zerbytheboss/.openclaw/workspace/AION_MARKET_DATA.json
[2026-02-07T14:33:01.665Z] Sentry: Pinging Markets...
✅ Sentry: Synced 18 assets to /Users/zerbytheboss/.openclaw/workspace/AION_MARKET_DATA.json
[2026-02-07T14:34:02.081Z] Sentry: Pinging Markets...
✅ Sentry: Synced 18 assets to /Users/zerbytheboss/.openclaw/workspace/AION_MARKET_DATA.json
[2026-02-07T14:35:02.460Z] Sentry: Pinging Markets...
Crypto Fetch Error: HTTP 429: {"status":{"error_code":429,"error_message":"You've exceeded the Rate Limit. Please visit https://www.coingecko.com/en/api/pricing to subscribe to our API plans for higher rate limits."}}
✅ Sentry: Synced 15 assets to /Users/zerbytheboss/.openclaw/workspace/AION_MARKET_DATA.json
[2026-02-07T14:36:02.841Z] Sentry: Pinging Markets...
✅ Sentry: Synced 18 assets to /Users/zerbytheboss/.openclaw/workspace/AION_MARKET_DATA.json
[2026-02-07T14:37:03.158Z] Sentry: Pinging Markets...
Crypto Fetch Error: HTTP 429: {"status":{"error_code":429,"error_message":"You've exceeded the Rate Limit. Please visit https://www.coingecko.com/en/api/pricing to subscribe to our API plans for higher rate limits."}}
✅ Sentry: Synced 15 assets to /Users/zerbytheboss/.openclaw/workspace/AION_MARKET_DATA.json
[2026-02-07T14:38:03.486Z] Sentry: Pinging Markets...
✅ Sentry: Synced 18 assets to /Users/zerbytheboss/.openclaw/workspace/AION_MARKET_DATA.json
[2026-02-07T14:39:03.924Z] Sentry: Pinging Markets...
✅ Sentry: Synced 18 assets to /Users/zerbytheboss/.openclaw/workspace/AION_MARKET_DATA.json
[2026-02-07T14:40:04.280Z] Sentry: Pinging Markets...
Crypto Fetch Error: HTTP 429: {"status":{"error_code":429,"error_message":"You've exceeded the Rate Limit. Please visit https://www.coingecko.com/en/api/pricing to subscribe to our API plans for higher rate limits."}}
✅ Sentry: Synced 15 assets to /Users/zerbytheboss/.openclaw/workspace/AION_MARKET_DATA.json
[2026-02-07T14:41:04.668Z] Sentry: Pinging Markets...
✅ Sentry: Synced 18 assets to /Users/zerbytheboss/.openclaw/workspace/AION_MARKET_DATA.json
[2026-02-07T14:42:05.075Z] Sentry: Pinging Markets...
Crypto Fetch Error: HTTP 429: {"status":{"error_code":429,"error_message":"You've exceeded the Rate Limit. Please visit https://www.coingecko.com/en/api/pricing to subscribe to our API plans for higher rate limits."}}
✅ Sentry: Synced 15 assets to /Users/zerbytheboss/.openclaw/workspace/AION_MARKET_DATA.json
[2026-02-07T14:43:05.442Z] Sentry: Pinging Markets...
✅ Sentry: Synced 18 assets to /Users/zerbytheboss/.openclaw/workspace/AION_MARKET_DATA.json
[2026-02-07T14:44:05.791Z] Sentry: Pinging Markets...
✅ Sentry: Synced 18 assets to /Users/zerbytheboss/.openclaw/workspace/AION_MARKET_DATA.json
[2026-02-07T14:45:06.218Z] Sentry: Pinging Markets...
Crypto Fetch Error: HTTP 429: {"status":{"error_code":429,"error_message":"You've exceeded the Rate Limit. Please visit https://www.coingecko.com/en/api/pricing to subscribe to our API plans for higher rate limits."}}
✅ Sentry: Synced 15 assets to /Users/zerbytheboss/.openclaw/workspace/AION_MARKET_DATA.json
[2026-02-07T14:46:06.546Z] Sentry: Pinging Markets...
✅ Sentry: Synced 18 assets to /Users/zerbytheboss/.openclaw/workspace/AION_MARKET_DATA.json
[2026-02-07T14:47:06.962Z] Sentry: Pinging Markets...
✅ Sentry: Synced 18 assets to /Users/zerbytheboss/.openclaw/workspace/AION_MARKET_DATA.json
[2026-02-07T14:48:07.357Z] Sentry: Pinging Markets...
Crypto Fetch Error: HTTP 429: {"status":{"error_code":429,"error_message":"You've exceeded the Rate Limit. Please visit https://www.coingecko.com/en/api/pricing to subscribe to our API plans for higher rate limits."}}
✅ Sentry: Synced 15 assets to /Users/zerbytheboss/.openclaw/workspace/AION_MARKET_DATA.json
[2026-02-07T14:49:07.782Z] Sentry: Pinging Markets...
✅ Sentry: Synced 18 assets to /Users/zerbytheboss/.openclaw/workspace/AION_MARKET_DATA.json
[2026-02-07T14:50:08.226Z] Sentry: Pinging Markets...
Crypto Fetch Error: HTTP 429: {"status":{"error_code":429,"error_message":"You've exceeded the Rate Limit. Please visit https://www.coingecko.com/en/api/pricing to subscribe to our API plans for higher rate limits."}}
✅ Sentry: Synced 15 assets to /Users/zerbytheboss/.openclaw/workspace/AION_MARKET_DATA.json
[2026-02-07T14:51:08.537Z] Sentry: Pinging Markets...
✅ Sentry: Synced 18 assets to /Users/zerbytheboss/.openclaw/workspace/AION_MARKET_DATA.json
[2026-02-07T14:52:08.969Z] Sentry: Pinging Markets...
✅ Sentry: Synced 18 assets to /Users/zerbytheboss/.openclaw/workspace/AION_MARKET_DATA.json
[2026-02-07T14:53:09.343Z] Sentry: Pinging Markets...
Crypto Fetch Error: HTTP 429: {"status":{"error_code":429,"error_message":"You've exceeded the Rate Limit. Please visit https://www.coingecko.com/en/api/pricing to subscribe to our API plans for higher rate limits."}}
✅ Sentry: Synced 15 assets to /Users/zerbytheboss/.openclaw/workspace/AION_MARKET_DATA.json
[2026-02-07T14:54:09.728Z] Sentry: Pinging Markets...
✅ Sentry: Synced 18 assets to /Users/zerbytheboss/.openclaw/workspace/AION_MARKET_DATA.json
[2026-02-07T14:55:10.226Z] Sentry: Pinging Markets...
Crypto Fetch Error: HTTP 429: {"status":{"error_code":429,"error_message":"You've exceeded the Rate Limit. Please visit https://www.coingecko.com/en/api/pricing to subscribe to our API plans for higher rate limits."}}
✅ Sentry: Synced 15 assets to /Users/zerbytheboss/.openclaw/workspace/AION_MARKET_DATA.json
[2026-02-07T14:56:10.525Z] Sentry: Pinging Markets...
✅ Sentry: Synced 18 assets to /Users/zerbytheboss/.openclaw/workspace/AION_MARKET_DATA.json
[2026-02-07T14:57:10.961Z] Sentry: Pinging Markets...
✅ Sentry: Synced 18 assets to /Users/zerbytheboss/.openclaw/workspace/AION_MARKET_DATA.json
[2026-02-07T14:58:11.324Z] Sentry: Pinging Markets...
Crypto Fetch Error: HTTP 429: {"status":{"error_code":429,"error_message":"You've exceeded the Rate Limit. Please visit https://www.coingecko.com/en/api/pricing to subscribe to our API plans for higher rate limits."}}
✅ Sentry: Synced 15 assets to /Users/zerbytheboss/.openclaw/workspace/AION_MARKET_DATA.json
[2026-02-07T14:59:11.713Z] Sentry: Pinging Markets...
✅ Sentry: Synced 18 assets to /Users/zerbytheboss/.openclaw/workspace/AION_MARKET_DATA.json
[2026-02-07T15:00:12.030Z] Sentry: Pinging Markets...
✅ Sentry: Synced 18 assets to /Users/zerbytheboss/.openclaw/workspace/AION_MARKET_DATA.json
[2026-02-07T15:01:12.353Z] Sentry: Pinging Markets...
Crypto Fetch Error: HTTP 429: {"status":{"error_code":429,"error_message":"You've exceeded the Rate Limit. Please visit https://www.coingecko.com/en/api/pricing to subscribe to our API plans for higher rate limits."}}
✅ Sentry: Synced 15 assets to /Users/zerbytheboss/.openclaw/workspace/AION_MARKET_DATA.json
[2026-02-07T15:02:12.691Z] Sentry: Pinging Markets...
✅ Sentry: Synced 18 assets to /Users/zerbytheboss/.openclaw/workspace/AION_MARKET_DATA.json
[2026-02-07T15:03:13.009Z] Sentry: Pinging Markets...
✅ Sentry: Synced 18 assets to /Users/zerbytheboss/.openclaw/workspace/AION_MARKET_DATA.json
[2026-02-07T15:04:13.407Z] Sentry: Pinging Markets...
Crypto Fetch Error: HTTP 429: {"status":{"error_code":429,"error_message":"You've exceeded the Rate Limit. Please visit https://www.coingecko.com/en/api/pricing to subscribe to our API plans for higher rate limits."}}
✅ Sentry: Synced 15 assets to /Users/zerbytheboss/.openclaw/workspace/AION_MARKET_DATA.json
[2026-02-07T15:05:13.733Z] Sentry: Pinging Markets...
✅ Sentry: Synced 18 assets to /Users/zerbytheboss/.openclaw/workspace/AION_MARKET_DATA.json
[2026-02-07T15:06:14.139Z] Sentry: Pinging Markets...
✅ Sentry: Synced 18 assets to /Users/zerbytheboss/.openclaw/workspace/AION_MARKET_DATA.json
[2026-02-07T15:07:14.607Z] Sentry: Pinging Markets...
Crypto Fetch Error: HTTP 429: {"status":{"error_code":429,"error_message":"You've exceeded the Rate Limit. Please visit https://www.coingecko.com/en/api/pricing to subscribe to our API plans for higher rate limits."}}
✅ Sentry: Synced 15 assets to /Users/zerbytheboss/.openclaw/workspace/AION_MARKET_DATA.json
[2026-02-07T15:08:14.946Z] Sentry: Pinging Markets...
✅ Sentry: Synced 18 assets to /Users/zerbytheboss/.openclaw/workspace/AION_MARKET_DATA.json
[2026-02-07T15:09:15.292Z] Sentry: Pinging Markets...
Crypto Fetch Error: HTTP 429: {"status":{"error_code":429,"error_message":"You've exceeded the Rate Limit. Please visit https://www.coingecko.com/en/api/pricing to subscribe to our API plans for higher rate limits."}}
✅ Sentry: Synced 15 assets to /Users/zerbytheboss/.openclaw/workspace/AION_MARKET_DATA.json
[2026-02-07T15:10:15.691Z] Sentry: Pinging Markets...
✅ Sentry: Synced 18 assets to /Users/zerbytheboss/.openclaw/workspace/AION_MARKET_DATA.json
[2026-02-07T15:11:16.001Z] Sentry: Pinging Markets...
✅ Sentry: Synced 18 assets to /Users/zerbytheboss/.openclaw/workspace/AION_MARKET_DATA.json
[2026-02-07T15:12:16.333Z] Sentry: Pinging Markets...
Crypto Fetch Error: HTTP 429: {"status":{"error_code":429,"error_message":"You've exceeded the Rate Limit. Please visit https://www.coingecko.com/en/api/pricing to subscribe to our API plans for higher rate limits."}}
✅ Sentry: Synced 15 assets to /Users/zerbytheboss/.openclaw/workspace/AION_MARKET_DATA.json
[2026-02-07T15:13:16.737Z] Sentry: Pinging Markets...
✅ Sentry: Synced 18 assets to /Users/zerbytheboss/.openclaw/workspace/AION_MARKET_DATA.json
[2026-02-07T15:14:17.093Z] Sentry: Pinging Markets...
Crypto Fetch Error: HTTP 429: {"status":{"error_code":429,"error_message":"You've exceeded the Rate Limit. Please visit https://www.coingecko.com/en/api/pricing to subscribe to our API plans for higher rate limits."}}
✅ Sentry: Synced 15 assets to /Users/zerbytheboss/.openclaw/workspace/AION_MARKET_DATA.json
[2026-02-07T15:15:17.575Z] Sentry: Pinging Markets...
Crypto Fetch Error: HTTP 429: {"status":{"error_code":429,"error_message":"You've exceeded the Rate Limit. Please visit https://www.coingecko.com/en/api/pricing to subscribe to our API plans for higher rate limits."}}
✅ Sentry: Synced 15 assets to /Users/zerbytheboss/.openclaw/workspace/AION_MARKET_DATA.json
[2026-02-07T15:16:17.985Z] Sentry: Pinging Markets...
✅ Sentry: Synced 18 assets to /Users/zerbytheboss/.openclaw/workspace/AION_MARKET_DATA.json
[2026-02-07T15:17:18.447Z] Sentry: Pinging Markets...
Crypto Fetch Error: HTTP 429: {"status":{"error_code":429,"error_message":"You've exceeded the Rate Limit. Please visit https://www.coingecko.com/en/api/pricing to subscribe to our API plans for higher rate limits."}}
✅ Sentry: Synced 15 assets to /Users/zerbytheboss/.openclaw/workspace/AION_MARKET_DATA.json
[2026-02-07T15:18:18.823Z] Sentry: Pinging Markets...
Crypto Fetch Error: HTTP 429: {"status":{"error_code":429,"error_message":"You've exceeded the Rate Limit. Please visit https://www.coingecko.com/en/api/pricing to subscribe to our API plans for higher rate limits."}}
✅ Sentry: Synced 15 assets to /Users/zerbytheboss/.openclaw/workspace/AION_MARKET_DATA.json
[2026-02-07T15:19:19.190Z] Sentry: Pinging Markets...
✅ Sentry: Synced 18 assets to /Users/zerbytheboss/.openclaw/workspace/AION_MARKET_DATA.json
[2026-02-07T15:20:19.520Z] Sentry: Pinging Markets...
✅ Sentry: Synced 18 assets to /Users/zerbytheboss/.openclaw/workspace/AION_MARKET_DATA.json
[2026-02-07T15:21:19.874Z] Sentry: Pinging Markets...
Crypto Fetch Error: HTTP 429: {"status":{"error_code":429,"error_message":"You've exceeded the Rate Limit. Please visit https://www.coingecko.com/en/api/pricing to subscribe to our API plans for higher rate limits."}}
✅ Sentry: Synced 15 assets to /Users/zerbytheboss/.openclaw/workspace/AION_MARKET_DATA.json
[2026-02-07T15:22:20.288Z] Sentry: Pinging Markets...
✅ Sentry: Synced 18 assets to /Users/zerbytheboss/.openclaw/workspace/AION_MARKET_DATA.json
[2026-02-07T15:23:20.742Z] Sentry: Pinging Markets...
Crypto Fetch Error: HTTP 429: {"status":{"error_code":429,"error_message":"You've exceeded the Rate Limit. Please visit https://www.coingecko.com/en/api/pricing to subscribe to our API plans for higher rate limits."}}
✅ Sentry: Synced 15 assets to /Users/zerbytheboss/.openclaw/workspace/AION_MARKET_DATA.json
[2026-02-07T15:24:21.099Z] Sentry: Pinging Markets...
✅ Sentry: Synced 18 assets to /Users/zerbytheboss/.openclaw/workspace/AION_MARKET_DATA.json
[2026-02-07T15:25:21.495Z] Sentry: Pinging Markets...
Crypto Fetch Error: HTTP 429: {"status":{"error_code":429,"error_message":"You've exceeded the Rate Limit. Please visit https://www.coingecko.com/en/api/pricing to subscribe to our API plans for higher rate limits."}}
✅ Sentry: Synced 15 assets to /Users/zerbytheboss/.openclaw/workspace/AION_MARKET_DATA.json
[2026-02-07T15:26:21.819Z] Sentry: Pinging Markets...
✅ Sentry: Synced 18 assets to /Users/zerbytheboss/.openclaw/workspace/AION_MARKET_DATA.json
[2026-02-07T15:27:22.280Z] Sentry: Pinging Markets...
✅ Sentry: Synced 18 assets to /Users/zerbytheboss/.openclaw/workspace/AION_MARKET_DATA.json
[2026-02-07T15:28:22.606Z] Sentry: Pinging Markets...
Crypto Fetch Error: HTTP 429: {"status":{"error_code":429,"error_message":"You've exceeded the Rate Limit. Please visit https://www.coingecko.com/en/api/pricing to subscribe to our API plans for higher rate limits."}}
✅ Sentry: Synced 15 assets to /Users/zerbytheboss/.openclaw/workspace/AION_MARKET_DATA.json
[2026-02-07T15:29:23.035Z] Sentry: Pinging Markets...
✅ Sentry: Synced 18 assets to /Users/zerbytheboss/.openclaw/workspace/AION_MARKET_DATA.json
[2026-02-07T15:30:23.411Z] Sentry: Pinging Markets...
✅ Sentry: Synced 18 assets to /Users/zerbytheboss/.openclaw/workspace/AION_MARKET_DATA.json
[2026-02-07T15:31:23.807Z] Sentry: Pinging Markets...
Crypto Fetch Error: HTTP 429: {"status":{"error_code":429,"error_message":"You've exceeded the Rate Limit. Please visit https://www.coingecko.com/en/api/pricing to subscribe to our API plans for higher rate limits."}}
✅ Sentry: Synced 15 assets to /Users/zerbytheboss/.openclaw/workspace/AION_MARKET_DATA.json
[2026-02-07T15:32:24.159Z] Sentry: Pinging Markets...
✅ Sentry: Synced 18 assets to /Users/zerbytheboss/.openclaw/workspace/AION_MARKET_DATA.json
[2026-02-07T15:33:24.574Z] Sentry: Pinging Markets...
✅ Sentry: Synced 18 assets to /Users/zerbytheboss/.openclaw/workspace/AION_MARKET_DATA.json
[2026-02-07T15:34:25.000Z] Sentry: Pinging Markets...
Crypto Fetch Error: HTTP 429: {"status":{"error_code":429,"error_message":"You've exceeded the Rate Limit. Please visit https://www.coingecko.com/en/api/pricing to subscribe to our API plans for higher rate limits."}}
✅ Sentry: Synced 15 assets to /Users/zerbytheboss/.openclaw/workspace/AION_MARKET_DATA.json
[2026-02-07T15:35:25.380Z] Sentry: Pinging Markets...
✅ Sentry: Synced 18 assets to /Users/zerbytheboss/.openclaw/workspace/AION_MARKET_DATA.json
[2026-02-07T15:36:25.773Z] Sentry: Pinging Markets...
✅ Sentry: Synced 18 assets to /Users/zerbytheboss/.openclaw/workspace/AION_MARKET_DATA.json
[2026-02-07T15:37:26.128Z] Sentry: Pinging Markets...
Crypto Fetch Error: HTTP 429: {"status":{"error_code":429,"error_message":"You've exceeded the Rate Limit. Please visit https://www.coingecko.com/en/api/pricing to subscribe to our API plans for higher rate limits."}}
✅ Sentry: Synced 15 assets to /Users/zerbytheboss/.openclaw/workspace/AION_MARKET_DATA.json
[2026-02-07T15:38:26.572Z] Sentry: Pinging Markets...
✅ Sentry: Synced 18 assets to /Users/zerbytheboss/.openclaw/workspace/AION_MARKET_DATA.json
[2026-02-07T15:39:27.037Z] Sentry: Pinging Markets...
✅ Sentry: Synced 18 assets to /Users/zerbytheboss/.openclaw/workspace/AION_MARKET_DATA.json
[2026-02-07T15:40:27.397Z] Sentry: Pinging Markets...
Crypto Fetch Error: HTTP 429: {"status":{"error_code":429,"error_message":"You've exceeded the Rate Limit. Please visit https://www.coingecko.com/en/api/pricing to subscribe to our API plans for higher rate limits."}}
✅ Sentry: Synced 15 assets to /Users/zerbytheboss/.openclaw/workspace/AION_MARKET_DATA.json
[2026-02-07T15:41:27.778Z] Sentry: Pinging Markets...
✅ Sentry: Synced 18 assets to /Users/zerbytheboss/.openclaw/workspace/AION_MARKET_DATA.json
[2026-02-07T15:42:28.090Z] Sentry: Pinging Markets...
Crypto Fetch Error: HTTP 429: {"status":{"error_code":429,"error_message":"You've exceeded the Rate Limit. Please visit https://www.coingecko.com/en/api/pricing to subscribe to our API plans for higher rate limits."}}
✅ Sentry: Synced 15 assets to /Users/zerbytheboss/.openclaw/workspace/AION_MARKET_DATA.json
[2026-02-07T15:43:28.462Z] Sentry: Pinging Markets...
✅ Sentry: Synced 18 assets to /Users/zerbytheboss/.openclaw/workspace/AION_MARKET_DATA.json
[2026-02-07T15:44:28.880Z] Sentry: Pinging Markets...
✅ Sentry: Synced 18 assets to /Users/zerbytheboss/.openclaw/workspace/AION_MARKET_DATA.json
[2026-02-07T15:45:29.356Z] Sentry: Pinging Markets...
Crypto Fetch Error: HTTP 429: {"status":{"error_code":429,"error_message":"You've exceeded the Rate Limit. Please visit https://www.coingecko.com/en/api/pricing to subscribe to our API plans for higher rate limits."}}
✅ Sentry: Synced 15 assets to /Users/zerbytheboss/.openclaw/workspace/AION_MARKET_DATA.json
[2026-02-07T15:46:29.855Z] Sentry: Pinging Markets...
✅ Sentry: Synced 18 assets to /Users/zerbytheboss/.openclaw/workspace/AION_MARKET_DATA.json
[2026-02-07T15:47:30.179Z] Sentry: Pinging Markets...
✅ Sentry: Synced 18 assets to /Users/zerbytheboss/.openclaw/workspace/AION_MARKET_DATA.json
[2026-02-07T15:48:30.607Z] Sentry: Pinging Markets...
Crypto Fetch Error: HTTP 429: {"status":{"error_code":429,"error_message":"You've exceeded the Rate Limit. Please visit https://www.coingecko.com/en/api/pricing to subscribe to our API plans for higher rate limits."}}
✅ Sentry: Synced 15 assets to /Users/zerbytheboss/.openclaw/workspace/AION_MARKET_DATA.json
[2026-02-07T15:49:31.043Z] Sentry: Pinging Markets...
✅ Sentry: Synced 18 assets to /Users/zerbytheboss/.openclaw/workspace/AION_MARKET_DATA.json
[2026-02-07T15:50:31.403Z] Sentry: Pinging Markets...
✅ Sentry: Synced 18 assets to /Users/zerbytheboss/.openclaw/workspace/AION_MARKET_DATA.json
[2026-02-07T15:51:31.820Z] Sentry: Pinging Markets...
Crypto Fetch Error: HTTP 429: {"status":{"error_code":429,"error_message":"You've exceeded the Rate Limit. Please visit https://www.coingecko.com/en/api/pricing to subscribe to our API plans for higher rate limits."}}
✅ Sentry: Synced 15 assets to /Users/zerbytheboss/.openclaw/workspace/AION_MARKET_DATA.json
[2026-02-07T15:52:32.173Z] Sentry: Pinging Markets...
✅ Sentry: Synced 18 assets to /Users/zerbytheboss/.openclaw/workspace/AION_MARKET_DATA.json
[2026-02-07T15:53:32.602Z] Sentry: Pinging Markets...
Crypto Fetch Error: HTTP 429: {"status":{"error_code":429,"error_message":"You've exceeded the Rate Limit. Please visit https://www.coingecko.com/en/api/pricing to subscribe to our API plans for higher rate limits."}}
✅ Sentry: Synced 15 assets to /Users/zerbytheboss/.openclaw/workspace/AION_MARKET_DATA.json
[2026-02-07T15:54:33.037Z] Sentry: Pinging Markets...
✅ Sentry: Synced 18 assets to /Users/zerbytheboss/.openclaw/workspace/AION_MARKET_DATA.json
[2026-02-07T15:55:33.434Z] Sentry: Pinging Markets...
✅ Sentry: Synced 18 assets to /Users/zerbytheboss/.openclaw/workspace/AION_MARKET_DATA.json
[2026-02-07T15:56:33.787Z] Sentry: Pinging Markets...
Crypto Fetch Error: HTTP 429: {"status":{"error_code":429,"error_message":"You've exceeded the Rate Limit. Please visit https://www.coingecko.com/en/api/pricing to subscribe to our API plans for higher rate limits."}}
✅ Sentry: Synced 15 assets to /Users/zerbytheboss/.openclaw/workspace/AION_MARKET_DATA.json
[2026-02-07T15:57:34.298Z] Sentry: Pinging Markets...
✅ Sentry: Synced 18 assets to /Users/zerbytheboss/.openclaw/workspace/AION_MARKET_DATA.json
[2026-02-07T15:58:34.763Z] Sentry: Pinging Markets...
✅ Sentry: Synced 18 assets to /Users/zerbytheboss/.openclaw/workspace/AION_MARKET_DATA.json
[2026-02-07T15:59:35.106Z] Sentry: Pinging Markets...
Crypto Fetch Error: HTTP 429: {"status":{"error_code":429,"error_message":"You've exceeded the Rate Limit. Please visit https://www.coingecko.com/en/api/pricing to subscribe to our API plans for higher rate limits."}}
✅ Sentry: Synced 15 assets to /Users/zerbytheboss/.openclaw/workspace/AION_MARKET_DATA.json
[2026-02-07T16:00:35.456Z] Sentry: Pinging Markets...
✅ Sentry: Synced 18 assets to /Users/zerbytheboss/.openclaw/workspace/AION_MARKET_DATA.json
[2026-02-07T16:01:35.854Z] Sentry: Pinging Markets...
✅ Sentry: Synced 18 assets to /Users/zerbytheboss/.openclaw/workspace/AION_MARKET_DATA.json
[2026-02-07T16:02:36.201Z] Sentry: Pinging Markets...
✅ Sentry: Synced 18 assets to /Users/zerbytheboss/.openclaw/workspace/AION_MARKET_DATA.json
[2026-02-07T16:03:36.592Z] Sentry: Pinging Markets...
✅ Sentry: Synced 18 assets to /Users/zerbytheboss/.openclaw/workspace/AION_MARKET_DATA.json
[2026-02-07T16:04:36.961Z] Sentry: Pinging Markets...
✅ Sentry: Synced 18 assets to /Users/zerbytheboss/.openclaw/workspace/AION_MARKET_DATA.json
[2026-02-07T16:05:37.337Z] Sentry: Pinging Markets...
Crypto Fetch Error: HTTP 429: {"status":{"error_code":429,"error_message":"You've exceeded the Rate Limit. Please visit https://www.coingecko.com/en/api/pricing to subscribe to our API plans for higher rate limits."}}
✅ Sentry: Synced 15 assets to /Users/zerbytheboss/.openclaw/workspace/AION_MARKET_DATA.json
[2026-02-07T16:06:37.880Z] Sentry: Pinging Markets...
✅ Sentry: Synced 18 assets to /Users/zerbytheboss/.openclaw/workspace/AION_MARKET_DATA.json
[2026-02-07T16:07:38.630Z] Sentry: Pinging Markets...
✅ Sentry: Synced 18 assets to /Users/zerbytheboss/.openclaw/workspace/AION_MARKET_DATA.json
[2026-02-07T16:08:39.155Z] Sentry: Pinging Markets...
✅ Sentry: Synced 18 assets to /Users/zerbytheboss/.openclaw/workspace/AION_MARKET_DATA.json
[2026-02-07T16:09:40.344Z] Sentry: Pinging Markets...
Crypto Fetch Error: HTTP 429: {"status":{"error_code":429,"error_message":"You've exceeded the Rate Limit. Please visit https://www.coingecko.com/en/api/pricing to subscribe to our API plans for higher rate limits."}}
✅ Sentry: Synced 15 assets to /Users/zerbytheboss/.openclaw/workspace/AION_MARKET_DATA.json
[2026-02-07T16:10:41.309Z] Sentry: Pinging Markets...
✅ Sentry: Synced 18 assets to /Users/zerbytheboss/.openclaw/workspace/AION_MARKET_DATA.json
[2026-02-07T16:11:41.840Z] Sentry: Pinging Markets...
✅ Sentry: Synced 18 assets to /Users/zerbytheboss/.openclaw/workspace/AION_MARKET_DATA.json
[2026-02-07T16:12:42.451Z] Sentry: Pinging Markets...
✅ Sentry: Synced 18 assets to /Users/zerbytheboss/.openclaw/workspace/AION_MARKET_DATA.json
[2026-02-07T16:13:42.870Z] Sentry: Pinging Markets...
✅ Sentry: Synced 18 assets to /Users/zerbytheboss/.openclaw/workspace/AION_MARKET_DATA.json
[2026-02-07T16:14:43.292Z] Sentry: Pinging Markets...
✅ Sentry: Synced 18 assets to /Users/zerbytheboss/.openclaw/workspace/AION_MARKET_DATA.json
[2026-02-07T16:15:43.652Z] Sentry: Pinging Markets...
✅ Sentry: Synced 18 assets to /Users/zerbytheboss/.openclaw/workspace/AION_MARKET_DATA.json
[2026-02-07T16:16:44.409Z] Sentry: Pinging Markets...
Crypto Fetch Error: HTTP 429: {"status":{"error_code":429,"error_message":"You've exceeded the Rate Limit. Please visit https://www.coingecko.com/en/api/pricing to subscribe to our API plans for higher rate limits."}}
✅ Sentry: Synced 15 assets to /Users/zerbytheboss/.openclaw/workspace/AION_MARKET_DATA.json
[2026-02-07T16:17:44.955Z] Sentry: Pinging Markets...
✅ Sentry: Synced 18 assets to /Users/zerbytheboss/.openclaw/workspace/AION_MARKET_DATA.json
[2026-02-07T16:18:45.436Z] Sentry: Pinging Markets...
✅ Sentry: Synced 18 assets to /Users/zerbytheboss/.openclaw/workspace/AION_MARKET_DATA.json
[2026-02-07T16:19:45.924Z] Sentry: Pinging Markets...
✅ Sentry: Synced 18 assets to /Users/zerbytheboss/.openclaw/workspace/AION_MARKET_DATA.json
[2026-02-07T16:20:46.544Z] Sentry: Pinging Markets...
✅ Sentry: Synced 18 assets to /Users/zerbytheboss/.openclaw/workspace/AION_MARKET_DATA.json
[2026-02-07T16:21:47.867Z] Sentry: Pinging Markets...
✅ Sentry: Synced 18 assets to /Users/zerbytheboss/.openclaw/workspace/AION_MARKET_DATA.json
[2026-02-07T16:22:48.954Z] Sentry: Pinging Markets...
✅ Sentry: Synced 18 assets to /Users/zerbytheboss/.openclaw/workspace/AION_MARKET_DATA.json
[2026-02-07T16:23:49.355Z] Sentry: Pinging Markets...
✅ Sentry: Synced 18 assets to /Users/zerbytheboss/.openclaw/workspace/AION_MARKET_DATA.json
[2026-02-07T16:24:49.801Z] Sentry: Pinging Markets...
✅ Sentry: Synced 18 assets to /Users/zerbytheboss/.openclaw/workspace/AION_MARKET_DATA.json
[2026-02-07T16:25:50.276Z] Sentry: Pinging Markets...
✅ Sentry: Synced 18 assets to /Users/zerbytheboss/.openclaw/workspace/AION_MARKET_DATA.json
[2026-02-07T16:26:50.807Z] Sentry: Pinging Markets...
✅ Sentry: Synced 18 assets to /Users/zerbytheboss/.openclaw/workspace/AION_MARKET_DATA.json
[2026-02-07T16:27:51.218Z] Sentry: Pinging Markets...
✅ Sentry: Synced 18 assets to /Users/zerbytheboss/.openclaw/workspace/AION_MARKET_DATA.json
[2026-02-07T16:28:51.613Z] Sentry: Pinging Markets...
Crypto Fetch Error: HTTP 429: {"status":{"error_code":429,"error_message":"You've exceeded the Rate Limit. Please visit https://www.coingecko.com/en/api/pricing to subscribe to our API plans for higher rate limits."}}
✅ Sentry: Synced 15 assets to /Users/zerbytheboss/.openclaw/workspace/AION_MARKET_DATA.json
[2026-02-07T16:29:52.343Z] Sentry: Pinging Markets...
✅ Sentry: Synced 18 assets to /Users/zerbytheboss/.openclaw/workspace/AION_MARKET_DATA.json
[2026-02-07T16:30:52.757Z] Sentry: Pinging Markets...
✅ Sentry: Synced 18 assets to /Users/zerbytheboss/.openclaw/workspace/AION_MARKET_DATA.json
[2026-02-07T16:31:53.321Z] Sentry: Pinging Markets...
✅ Sentry: Synced 18 assets to /Users/zerbytheboss/.openclaw/workspace/AION_MARKET_DATA.json
[2026-02-07T16:32:53.882Z] Sentry: Pinging Markets...
Crypto Fetch Error: HTTP 429: {"status":{"error_code":429,"error_message":"You've exceeded the Rate Limit. Please visit https://www.coingecko.com/en/api/pricing to subscribe to our API plans for higher rate limits."}}
✅ Sentry: Synced 15 assets to /Users/zerbytheboss/.openclaw/workspace/AION_MARKET_DATA.json
[2026-02-07T16:33:54.409Z] Sentry: Pinging Markets...
✅ Sentry: Synced 18 assets to /Users/zerbytheboss/.openclaw/workspace/AION_MARKET_DATA.json
[2026-02-07T16:34:54.903Z] Sentry: Pinging Markets...
✅ Sentry: Synced 18 assets to /Users/zerbytheboss/.openclaw/workspace/AION_MARKET_DATA.json
[2026-02-07T16:35:55.328Z] Sentry: Pinging Markets...
✅ Sentry: Synced 18 assets to /Users/zerbytheboss/.openclaw/workspace/AION_MARKET_DATA.json
[2026-02-07T16:36:55.993Z] Sentry: Pinging Markets...
✅ Sentry: Synced 18 assets to /Users/zerbytheboss/.openclaw/workspace/AION_MARKET_DATA.json
[2026-02-07T16:37:56.468Z] Sentry: Pinging Markets...
✅ Sentry: Synced 18 assets to /Users/zerbytheboss/.openclaw/workspace/AION_MARKET_DATA.json
[2026-02-07T16:39:02.174Z] Sentry: Pinging Markets...
✅ Sentry: Synced 18 assets to /Users/zerbytheboss/.openclaw/workspace/AION_MARKET_DATA.json
[2026-02-07T16:40:02.512Z] Sentry: Pinging Markets...
✅ Sentry: Synced 18 assets to /Users/zerbytheboss/.openclaw/workspace/AION_MARKET_DATA.json
[2026-02-07T16:41:02.941Z] Sentry: Pinging Markets...
✅ Sentry: Synced 18 assets to /Users/zerbytheboss/.openclaw/workspace/AION_MARKET_DATA.json
[2026-02-07T16:42:03.484Z] Sentry: Pinging Markets...
Alpaca Fetch Error: read ECONNRESET
✅ Sentry: Synced 3 assets to /Users/zerbytheboss/.openclaw/workspace/AION_MARKET_DATA.json
[2026-02-07T16:46:09.686Z] Sentry: Pinging Markets...
✅ Sentry: Synced 18 assets to /Users/zerbytheboss/.openclaw/workspace/AION_MARKET_DATA.json
[2026-02-07T16:47:10.158Z] Sentry: Pinging Markets...
Crypto Fetch Error: HTTP 429: {"status":{"error_code":429,"error_message":"You've exceeded the Rate Limit. Please visit https://www.coingecko.com/en/api/pricing to subscribe to our API plans for higher rate limits."}}
✅ Sentry: Synced 15 assets to /Users/zerbytheboss/.openclaw/workspace/AION_MARKET_DATA.json
[2026-02-07T16:48:10.487Z] Sentry: Pinging Markets...
✅ Sentry: Synced 18 assets to /Users/zerbytheboss/.openclaw/workspace/AION_MARKET_DATA.json
[2026-02-07T16:49:10.826Z] Sentry: Pinging Markets...
✅ Sentry: Synced 18 assets to /Users/zerbytheboss/.openclaw/workspace/AION_MARKET_DATA.json
[2026-02-07T16:50:11.222Z] Sentry: Pinging Markets...
Crypto Fetch Error: HTTP 429: {"status":{"error_code":429,"error_message":"You've exceeded the Rate Limit. Please visit https://www.coingecko.com/en/api/pricing to subscribe to our API plans for higher rate limits."}}
✅ Sentry: Synced 15 assets to /Users/zerbytheboss/.openclaw/workspace/AION_MARKET_DATA.json
[2026-02-07T16:51:11.667Z] Sentry: Pinging Markets...
✅ Sentry: Synced 18 assets to /Users/zerbytheboss/.openclaw/workspace/AION_MARKET_DATA.json
[2026-02-07T16:52:12.050Z] Sentry: Pinging Markets...
✅ Sentry: Synced 18 assets to /Users/zerbytheboss/.openclaw/workspace/AION_MARKET_DATA.json
[2026-02-07T16:53:12.436Z] Sentry: Pinging Markets...
Crypto Fetch Error: HTTP 429: {"status":{"error_code":429,"error_message":"You've exceeded the Rate Limit. Please visit https://www.coingecko.com/en/api/pricing to subscribe to our API plans for higher rate limits."}}
✅ Sentry: Synced 15 assets to /Users/zerbytheboss/.openclaw/workspace/AION_MARKET_DATA.json
[2026-02-07T16:54:12.780Z] Sentry: Pinging Markets...
✅ Sentry: Synced 18 assets to /Users/zerbytheboss/.openclaw/workspace/AION_MARKET_DATA.json
[2026-02-07T16:55:13.232Z] Sentry: Pinging Markets...
✅ Sentry: Synced 18 assets to /Users/zerbytheboss/.openclaw/workspace/AION_MARKET_DATA.json
[2026-02-07T16:56:13.668Z] Sentry: Pinging Markets...
Crypto Fetch Error: HTTP 429: {"status":{"error_code":429,"error_message":"You've exceeded the Rate Limit. Please visit https://www.coingecko.com/en/api/pricing to subscribe to our API plans for higher rate limits."}}
✅ Sentry: Synced 15 assets to /Users/zerbytheboss/.openclaw/workspace/AION_MARKET_DATA.json
[2026-02-07T16:57:14.160Z] Sentry: Pinging Markets...
✅ Sentry: Synced 18 assets to /Users/zerbytheboss/.openclaw/workspace/AION_MARKET_DATA.json
[2026-02-07T16:58:14.642Z] Sentry: Pinging Markets...
Crypto Fetch Error: HTTP 429: {"status":{"error_code":429,"error_message":"You've exceeded the Rate Limit. Please visit https://www.coingecko.com/en/api/pricing to subscribe to our API plans for higher rate limits."}}
✅ Sentry: Synced 15 assets to /Users/zerbytheboss/.openclaw/workspace/AION_MARKET_DATA.json
[2026-02-07T16:59:15.077Z] Sentry: Pinging Markets...
✅ Sentry: Synced 18 assets to /Users/zerbytheboss/.openclaw/workspace/AION_MARKET_DATA.json
[2026-02-07T17:00:15.459Z] Sentry: Pinging Markets...
✅ Sentry: Synced 18 assets to /Users/zerbytheboss/.openclaw/workspace/AION_MARKET_DATA.json
[2026-02-07T17:01:15.838Z] Sentry: Pinging Markets...
Crypto Fetch Error: HTTP 429: {"status":{"error_code":429,"error_message":"You've exceeded the Rate Limit. Please visit https://www.coingecko.com/en/api/pricing to subscribe to our API plans for higher rate limits."}}
✅ Sentry: Synced 15 assets to /Users/zerbytheboss/.openclaw/workspace/AION_MARKET_DATA.json
[2026-02-07T17:02:16.171Z] Sentry: Pinging Markets...
✅ Sentry: Synced 18 assets to /Users/zerbytheboss/.openclaw/workspace/AION_MARKET_DATA.json
[2026-02-07T17:03:16.544Z] Sentry: Pinging Markets...
Crypto Fetch Error: HTTP 429: {"status":{"error_code":429,"error_message":"You've exceeded the Rate Limit. Please visit https://www.coingecko.com/en/api/pricing to subscribe to our API plans for higher rate limits."}}
✅ Sentry: Synced 15 assets to /Users/zerbytheboss/.openclaw/workspace/AION_MARKET_DATA.json
[2026-02-07T17:04:16.956Z] Sentry: Pinging Markets...
✅ Sentry: Synced 18 assets to /Users/zerbytheboss/.openclaw/workspace/AION_MARKET_DATA.json
[2026-02-07T17:05:17.407Z] Sentry: Pinging Markets...
Crypto Fetch Error: HTTP 429: {"status":{"error_code":429,"error_message":"You've exceeded the Rate Limit. Please visit https://www.coingecko.com/en/api/pricing to subscribe to our API plans for higher rate limits."}}
✅ Sentry: Synced 15 assets to /Users/zerbytheboss/.openclaw/workspace/AION_MARKET_DATA.json
[2026-02-07T17:06:17.844Z] Sentry: Pinging Markets...
✅ Sentry: Synced 18 assets to /Users/zerbytheboss/.openclaw/workspace/AION_MARKET_DATA.json
[2026-02-07T17:07:18.169Z] Sentry: Pinging Markets...
Crypto Fetch Error: HTTP 429: {"status":{"error_code":429,"error_message":"You've exceeded the Rate Limit. Please visit https://www.coingecko.com/en/api/pricing to subscribe to our API plans for higher rate limits."}}
✅ Sentry: Synced 15 assets to /Users/zerbytheboss/.openclaw/workspace/AION_MARKET_DATA.json
[2026-02-07T17:08:18.488Z] Sentry: Pinging Markets...
Crypto Fetch Error: HTTP 429: {"status":{"error_code":429,"error_message":"You've exceeded the Rate Limit. Please visit https://www.coingecko.com/en/api/pricing to subscribe to our API plans for higher rate limits."}}
✅ Sentry: Synced 15 assets to /Users/zerbytheboss/.openclaw/workspace/AION_MARKET_DATA.json
[2026-02-07T17:09:18.925Z] Sentry: Pinging Markets...
✅ Sentry: Synced 18 assets to /Users/zerbytheboss/.openclaw/workspace/AION_MARKET_DATA.json
[2026-02-07T17:10:19.258Z] Sentry: Pinging Markets...
Crypto Fetch Error: HTTP 429: {"status":{"error_code":429,"error_message":"You've exceeded the Rate Limit. Please visit https://www.coingecko.com/en/api/pricing to subscribe to our API plans for higher rate limits."}}
✅ Sentry: Synced 15 assets to /Users/zerbytheboss/.openclaw/workspace/AION_MARKET_DATA.json
[2026-02-07T17:11:19.718Z] Sentry: Pinging Markets...
✅ Sentry: Synced 18 assets to /Users/zerbytheboss/.openclaw/workspace/AION_MARKET_DATA.json
[2026-02-07T17:12:20.187Z] Sentry: Pinging Markets...
Crypto Fetch Error: HTTP 429: {"status":{"error_code":429,"error_message":"You've exceeded the Rate Limit. Please visit https://www.coingecko.com/en/api/pricing to subscribe to our API plans for higher rate limits."}}
✅ Sentry: Synced 15 assets to /Users/zerbytheboss/.openclaw/workspace/AION_MARKET_DATA.json
[2026-02-07T17:13:20.936Z] Sentry: Pinging Markets...
✅ Sentry: Synced 18 assets to /Users/zerbytheboss/.openclaw/workspace/AION_MARKET_DATA.json
[2026-02-07T17:14:21.630Z] Sentry: Pinging Markets...
Crypto Fetch Error: HTTP 429: {"status":{"error_code":429,"error_message":"You've exceeded the Rate Limit. Please visit https://www.coingecko.com/en/api/pricing to subscribe to our API plans for higher rate limits."}}
✅ Sentry: Synced 15 assets to /Users/zerbytheboss/.openclaw/workspace/AION_MARKET_DATA.json
[2026-02-07T17:15:22.352Z] Sentry: Pinging Markets...
✅ Sentry: Synced 18 assets to /Users/zerbytheboss/.openclaw/workspace/AION_MARKET_DATA.json
[2026-02-07T17:16:22.947Z] Sentry: Pinging Markets...
✅ Sentry: Synced 18 assets to /Users/zerbytheboss/.openclaw/workspace/AION_MARKET_DATA.json
[2026-02-07T17:17:23.601Z] Sentry: Pinging Markets...
✅ Sentry: Synced 18 assets to /Users/zerbytheboss/.openclaw/workspace/AION_MARKET_DATA.json
[2026-02-07T17:18:24.274Z] Sentry: Pinging Markets...
✅ Sentry: Synced 18 assets to /Users/zerbytheboss/.openclaw/workspace/AION_MARKET_DATA.json
[2026-02-07T17:19:24.868Z] Sentry: Pinging Markets...
✅ Sentry: Synced 18 assets to /Users/zerbytheboss/.openclaw/workspace/AION_MARKET_DATA.json
[2026-02-07T17:20:25.229Z] Sentry: Pinging Markets...
Crypto Fetch Error: HTTP 429: {"status":{"error_code":429,"error_message":"You've exceeded the Rate Limit. Please visit https://www.coingecko.com/en/api/pricing to subscribe to our API plans for higher rate limits."}}
✅ Sentry: Synced 15 assets to /Users/zerbytheboss/.openclaw/workspace/AION_MARKET_DATA.json
[2026-02-07T17:21:25.689Z] Sentry: Pinging Markets...
✅ Sentry: Synced 18 assets to /Users/zerbytheboss/.openclaw/workspace/AION_MARKET_DATA.json
[2026-02-07T17:22:26.788Z] Sentry: Pinging Markets...
✅ Sentry: Synced 18 assets to /Users/zerbytheboss/.openclaw/workspace/AION_MARKET_DATA.json
[2026-02-07T17:23:27.191Z] Sentry: Pinging Markets...
Crypto Fetch Error: HTTP 429: {"status":{"error_code":429,"error_message":"You've exceeded the Rate Limit. Please visit https://www.coingecko.com/en/api/pricing to subscribe to our API plans for higher rate limits."}}
✅ Sentry: Synced 15 assets to /Users/zerbytheboss/.openclaw/workspace/AION_MARKET_DATA.json
[2026-02-07T17:24:27.590Z] Sentry: Pinging Markets...
Crypto Fetch Error: HTTP 429: {"status":{"error_code":429,"error_message":"You've exceeded the Rate Limit. Please visit https://www.coingecko.com/en/api/pricing to subscribe to our API plans for higher rate limits."}}
✅ Sentry: Synced 15 assets to /Users/zerbytheboss/.openclaw/workspace/AION_MARKET_DATA.json
[2026-02-07T17:25:27.927Z] Sentry: Pinging Markets...
✅ Sentry: Synced 18 assets to /Users/zerbytheboss/.openclaw/workspace/AION_MARKET_DATA.json
[2026-02-07T17:26:28.339Z] Sentry: Pinging Markets...
✅ Sentry: Synced 18 assets to /Users/zerbytheboss/.openclaw/workspace/AION_MARKET_DATA.json
[2026-02-07T17:27:28.729Z] Sentry: Pinging Markets...
✅ Sentry: Synced 18 assets to /Users/zerbytheboss/.openclaw/workspace/AION_MARKET_DATA.json
[2026-02-07T17:28:29.138Z] Sentry: Pinging Markets...
✅ Sentry: Synced 18 assets to /Users/zerbytheboss/.openclaw/workspace/AION_MARKET_DATA.json
[2026-02-07T17:29:29.474Z] Sentry: Pinging Markets...
Crypto Fetch Error: HTTP 429: {"status":{"error_code":429,"error_message":"You've exceeded the Rate Limit. Please visit https://www.coingecko.com/en/api/pricing to subscribe to our API plans for higher rate limits."}}
✅ Sentry: Synced 15 assets to /Users/zerbytheboss/.openclaw/workspace/AION_MARKET_DATA.json
[2026-02-07T17:30:29.892Z] Sentry: Pinging Markets...
Crypto Fetch Error: HTTP 429: {"status":{"error_code":429,"error_message":"You've exceeded the Rate Limit. Please visit https://www.coingecko.com/en/api/pricing to subscribe to our API plans for higher rate limits."}}
✅ Sentry: Synced 15 assets to /Users/zerbytheboss/.openclaw/workspace/AION_MARKET_DATA.json
[2026-02-07T17:31:30.215Z] Sentry: Pinging Markets...
✅ Sentry: Synced 18 assets to /Users/zerbytheboss/.openclaw/workspace/AION_MARKET_DATA.json
[2026-02-07T17:32:30.624Z] Sentry: Pinging Markets...
✅ Sentry: Synced 18 assets to /Users/zerbytheboss/.openclaw/workspace/AION_MARKET_DATA.json
[2026-02-07T17:33:31.005Z] Sentry: Pinging Markets...
✅ Sentry: Synced 18 assets to /Users/zerbytheboss/.openclaw/workspace/AION_MARKET_DATA.json
[2026-02-07T17:34:31.423Z] Sentry: Pinging Markets...
✅ Sentry: Synced 18 assets to /Users/zerbytheboss/.openclaw/workspace/AION_MARKET_DATA.json
[2026-02-07T17:35:31.734Z] Sentry: Pinging Markets...
✅ Sentry: Synced 18 assets to /Users/zerbytheboss/.openclaw/workspace/AION_MARKET_DATA.json
[2026-02-07T17:36:32.056Z] Sentry: Pinging Markets...
✅ Sentry: Synced 18 assets to /Users/zerbytheboss/.openclaw/workspace/AION_MARKET_DATA.json
[2026-02-07T17:37:32.490Z] Sentry: Pinging Markets...
Crypto Fetch Error: HTTP 429: {"status":{"error_code":429,"error_message":"You've exceeded the Rate Limit. Please visit https://www.coingecko.com/en/api/pricing to subscribe to our API plans for higher rate limits."}}
✅ Sentry: Synced 15 assets to /Users/zerbytheboss/.openclaw/workspace/AION_MARKET_DATA.json
[2026-02-07T17:38:32.951Z] Sentry: Pinging Markets...
✅ Sentry: Synced 18 assets to /Users/zerbytheboss/.openclaw/workspace/AION_MARKET_DATA.json
[2026-02-07T17:39:33.302Z] Sentry: Pinging Markets...
✅ Sentry: Synced 18 assets to /Users/zerbytheboss/.openclaw/workspace/AION_MARKET_DATA.json
[2026-02-07T17:40:33.689Z] Sentry: Pinging Markets...
✅ Sentry: Synced 18 assets to /Users/zerbytheboss/.openclaw/workspace/AION_MARKET_DATA.json
[2026-02-07T17:41:34.023Z] Sentry: Pinging Markets...
✅ Sentry: Synced 18 assets to /Users/zerbytheboss/.openclaw/workspace/AION_MARKET_DATA.json
[2026-02-07T17:42:34.326Z] Sentry: Pinging Markets...
✅ Sentry: Synced 18 assets to /Users/zerbytheboss/.openclaw/workspace/AION_MARKET_DATA.json
[2026-02-07T17:43:34.675Z] Sentry: Pinging Markets...
✅ Sentry: Synced 18 assets to /Users/zerbytheboss/.openclaw/workspace/AION_MARKET_DATA.json
[2026-02-07T17:44:35.086Z] Sentry: Pinging Markets...
✅ Sentry: Synced 18 assets to /Users/zerbytheboss/.openclaw/workspace/AION_MARKET_DATA.json
[2026-02-07T17:45:35.421Z] Sentry: Pinging Markets...
✅ Sentry: Synced 18 assets to /Users/zerbytheboss/.openclaw/workspace/AION_MARKET_DATA.json
[2026-02-07T17:46:35.820Z] Sentry: Pinging Markets...
✅ Sentry: Synced 18 assets to /Users/zerbytheboss/.openclaw/workspace/AION_MARKET_DATA.json
[2026-02-07T17:47:36.199Z] Sentry: Pinging Markets...
✅ Sentry: Synced 18 assets to /Users/zerbytheboss/.openclaw/workspace/AION_MARKET_DATA.json
[2026-02-07T17:48:36.588Z] Sentry: Pinging Markets...
✅ Sentry: Synced 18 assets to /Users/zerbytheboss/.openclaw/workspace/AION_MARKET_DATA.json
[2026-02-07T17:49:36.927Z] Sentry: Pinging Markets...
✅ Sentry: Synced 18 assets to /Users/zerbytheboss/.openclaw/workspace/AION_MARKET_DATA.json
[2026-02-07T17:50:37.386Z] Sentry: Pinging Markets...
✅ Sentry: Synced 18 assets to /Users/zerbytheboss/.openclaw/workspace/AION_MARKET_DATA.json
[2026-02-07T17:51:37.709Z] Sentry: Pinging Markets...
✅ Sentry: Synced 18 assets to /Users/zerbytheboss/.openclaw/workspace/AION_MARKET_DATA.json
[2026-02-07T17:52:38.019Z] Sentry: Pinging Markets...
✅ Sentry: Synced 18 assets to /Users/zerbytheboss/.openclaw/workspace/AION_MARKET_DATA.json
[2026-02-07T17:53:38.417Z] Sentry: Pinging Markets...
✅ Sentry: Synced 18 assets to /Users/zerbytheboss/.openclaw/workspace/AION_MARKET_DATA.json
[2026-02-07T17:54:38.795Z] Sentry: Pinging Markets...
✅ Sentry: Synced 18 assets to /Users/zerbytheboss/.openclaw/workspace/AION_MARKET_DATA.json
[2026-02-07T17:55:39.171Z] Sentry: Pinging Markets...
✅ Sentry: Synced 18 assets to /Users/zerbytheboss/.openclaw/workspace/AION_MARKET_DATA.json
[2026-02-07T17:56:39.494Z] Sentry: Pinging Markets...
✅ Sentry: Synced 18 assets to /Users/zerbytheboss/.openclaw/workspace/AION_MARKET_DATA.json
[2026-02-07T17:57:39.797Z] Sentry: Pinging Markets...
✅ Sentry: Synced 18 assets to /Users/zerbytheboss/.openclaw/workspace/AION_MARKET_DATA.json
[2026-02-07T17:58:40.135Z] Sentry: Pinging Markets...
✅ Sentry: Synced 18 assets to /Users/zerbytheboss/.openclaw/workspace/AION_MARKET_DATA.json
[2026-02-07T17:59:40.465Z] Sentry: Pinging Markets...
✅ Sentry: Synced 18 assets to /Users/zerbytheboss/.openclaw/workspace/AION_MARKET_DATA.json
[2026-02-07T18:00:40.873Z] Sentry: Pinging Markets...
✅ Sentry: Synced 18 assets to /Users/zerbytheboss/.openclaw/workspace/AION_MARKET_DATA.json
[2026-02-07T18:01:41.193Z] Sentry: Pinging Markets...
✅ Sentry: Synced 18 assets to /Users/zerbytheboss/.openclaw/workspace/AION_MARKET_DATA.json
[2026-02-07T18:02:41.616Z] Sentry: Pinging Markets...
✅ Sentry: Synced 18 assets to /Users/zerbytheboss/.openclaw/workspace/AION_MARKET_DATA.json
[2026-02-07T18:03:42.001Z] Sentry: Pinging Markets...
✅ Sentry: Synced 18 assets to /Users/zerbytheboss/.openclaw/workspace/AION_MARKET_DATA.json
[2026-02-07T18:04:42.362Z] Sentry: Pinging Markets...
✅ Sentry: Synced 18 assets to /Users/zerbytheboss/.openclaw/workspace/AION_MARKET_DATA.json
[2026-02-07T18:05:42.689Z] Sentry: Pinging Markets...
✅ Sentry: Synced 18 assets to /Users/zerbytheboss/.openclaw/workspace/AION_MARKET_DATA.json
[2026-02-07T18:06:43.027Z] Sentry: Pinging Markets...
✅ Sentry: Synced 18 assets to /Users/zerbytheboss/.openclaw/workspace/AION_MARKET_DATA.json
[2026-02-07T18:07:43.459Z] Sentry: Pinging Markets...
✅ Sentry: Synced 18 assets to /Users/zerbytheboss/.openclaw/workspace/AION_MARKET_DATA.json
[2026-02-07T18:08:43.800Z] Sentry: Pinging Markets...
✅ Sentry: Synced 18 assets to /Users/zerbytheboss/.openclaw/workspace/AION_MARKET_DATA.json
[2026-02-07T18:09:44.220Z] Sentry: Pinging Markets...
✅ Sentry: Synced 18 assets to /Users/zerbytheboss/.openclaw/workspace/AION_MARKET_DATA.json
[2026-02-07T18:10:44.681Z] Sentry: Pinging Markets...
✅ Sentry: Synced 18 assets to /Users/zerbytheboss/.openclaw/workspace/AION_MARKET_DATA.json
[2026-02-07T18:11:44.999Z] Sentry: Pinging Markets...
✅ Sentry: Synced 18 assets to /Users/zerbytheboss/.openclaw/workspace/AION_MARKET_DATA.json
[2026-02-07T18:12:45.323Z] Sentry: Pinging Markets...
✅ Sentry: Synced 18 assets to /Users/zerbytheboss/.openclaw/workspace/AION_MARKET_DATA.json
[2026-02-07T18:13:45.643Z] Sentry: Pinging Markets...
✅ Sentry: Synced 18 assets to /Users/zerbytheboss/.openclaw/workspace/AION_MARKET_DATA.json
[2026-02-07T18:14:45.981Z] Sentry: Pinging Markets...
✅ Sentry: Synced 18 assets to /Users/zerbytheboss/.openclaw/workspace/AION_MARKET_DATA.json
[2026-02-07T18:15:46.353Z] Sentry: Pinging Markets...
✅ Sentry: Synced 18 assets to /Users/zerbytheboss/.openclaw/workspace/AION_MARKET_DATA.json
[2026-02-07T18:16:46.788Z] Sentry: Pinging Markets...
✅ Sentry: Synced 18 assets to /Users/zerbytheboss/.openclaw/workspace/AION_MARKET_DATA.json
[2026-02-07T18:17:47.199Z] Sentry: Pinging Markets...
✅ Sentry: Synced 18 assets to /Users/zerbytheboss/.openclaw/workspace/AION_MARKET_DATA.json
[2026-02-07T18:18:47.783Z] Sentry: Pinging Markets...
✅ Sentry: Synced 18 assets to /Users/zerbytheboss/.openclaw/workspace/AION_MARKET_DATA.json
[2026-02-07T18:19:48.230Z] Sentry: Pinging Markets...
✅ Sentry: Synced 18 assets to /Users/zerbytheboss/.openclaw/workspace/AION_MARKET_DATA.json
[2026-02-07T18:20:48.625Z] Sentry: Pinging Markets...
✅ Sentry: Synced 18 assets to /Users/zerbytheboss/.openclaw/workspace/AION_MARKET_DATA.json
[2026-02-07T18:21:49.006Z] Sentry: Pinging Markets...
✅ Sentry: Synced 18 assets to /Users/zerbytheboss/.openclaw/workspace/AION_MARKET_DATA.json
[2026-02-07T18:22:49.342Z] Sentry: Pinging Markets...
✅ Sentry: Synced 18 assets to /Users/zerbytheboss/.openclaw/workspace/AION_MARKET_DATA.json
[2026-02-07T18:23:49.680Z] Sentry: Pinging Markets...
✅ Sentry: Synced 18 assets to /Users/zerbytheboss/.openclaw/workspace/AION_MARKET_DATA.json
[2026-02-07T18:24:50.074Z] Sentry: Pinging Markets...
✅ Sentry: Synced 18 assets to /Users/zerbytheboss/.openclaw/workspace/AION_MARKET_DATA.json
[2026-02-07T18:25:50.414Z] Sentry: Pinging Markets...
✅ Sentry: Synced 18 assets to /Users/zerbytheboss/.openclaw/workspace/AION_MARKET_DATA.json
[2026-02-07T18:26:50.919Z] Sentry: Pinging Markets...
✅ Sentry: Synced 18 assets to /Users/zerbytheboss/.openclaw/workspace/AION_MARKET_DATA.json
[2026-02-07T18:27:51.289Z] Sentry: Pinging Markets...
✅ Sentry: Synced 18 assets to /Users/zerbytheboss/.openclaw/workspace/AION_MARKET_DATA.json
[2026-02-07T18:28:51.674Z] Sentry: Pinging Markets...
✅ Sentry: Synced 18 assets to /Users/zerbytheboss/.openclaw/workspace/AION_MARKET_DATA.json
[2026-02-07T18:29:52.103Z] Sentry: Pinging Markets...
✅ Sentry: Synced 18 assets to /Users/zerbytheboss/.openclaw/workspace/AION_MARKET_DATA.json
[2026-02-07T18:30:52.544Z] Sentry: Pinging Markets...
✅ Sentry: Synced 18 assets to /Users/zerbytheboss/.openclaw/workspace/AION_MARKET_DATA.json
[2026-02-07T18:31:53.090Z] Sentry: Pinging Markets...
✅ Sentry: Synced 18 assets to /Users/zerbytheboss/.openclaw/workspace/AION_MARKET_DATA.json
[2026-02-07T18:32:53.507Z] Sentry: Pinging Markets...
✅ Sentry: Synced 18 assets to /Users/zerbytheboss/.openclaw/workspace/AION_MARKET_DATA.json
[2026-02-07T18:33:54.072Z] Sentry: Pinging Markets...
✅ Sentry: Synced 18 assets to /Users/zerbytheboss/.openclaw/workspace/AION_MARKET_DATA.json
[2026-02-07T18:34:54.409Z] Sentry: Pinging Markets...
✅ Sentry: Synced 18 assets to /Users/zerbytheboss/.openclaw/workspace/AION_MARKET_DATA.json
[2026-02-07T18:35:54.750Z] Sentry: Pinging Markets...
✅ Sentry: Synced 18 assets to /Users/zerbytheboss/.openclaw/workspace/AION_MARKET_DATA.json
[2026-02-07T18:36:55.197Z] Sentry: Pinging Markets...
✅ Sentry: Synced 18 assets to /Users/zerbytheboss/.openclaw/workspace/AION_MARKET_DATA.json
[2026-02-07T18:37:55.635Z] Sentry: Pinging Markets...
✅ Sentry: Synced 18 assets to /Users/zerbytheboss/.openclaw/workspace/AION_MARKET_DATA.json
[2026-02-07T18:38:56.065Z] Sentry: Pinging Markets...
✅ Sentry: Synced 18 assets to /Users/zerbytheboss/.openclaw/workspace/AION_MARKET_DATA.json
[2026-02-07T18:39:56.486Z] Sentry: Pinging Markets...
✅ Sentry: Synced 18 assets to /Users/zerbytheboss/.openclaw/workspace/AION_MARKET_DATA.json
[2026-02-07T18:40:56.931Z] Sentry: Pinging Markets...
✅ Sentry: Synced 18 assets to /Users/zerbytheboss/.openclaw/workspace/AION_MARKET_DATA.json
[2026-02-07T18:41:57.412Z] Sentry: Pinging Markets...
✅ Sentry: Synced 18 assets to /Users/zerbytheboss/.openclaw/workspace/AION_MARKET_DATA.json
[2026-02-07T18:42:58.402Z] Sentry: Pinging Markets...
✅ Sentry: Synced 18 assets to /Users/zerbytheboss/.openclaw/workspace/AION_MARKET_DATA.json
[2026-02-07T18:43:58.860Z] Sentry: Pinging Markets...
✅ Sentry: Synced 18 assets to /Users/zerbytheboss/.openclaw/workspace/AION_MARKET_DATA.json
[2026-02-07T18:44:59.300Z] Sentry: Pinging Markets...
✅ Sentry: Synced 18 assets to /Users/zerbytheboss/.openclaw/workspace/AION_MARKET_DATA.json
[2026-02-07T18:45:59.679Z] Sentry: Pinging Markets...
✅ Sentry: Synced 18 assets to /Users/zerbytheboss/.openclaw/workspace/AION_MARKET_DATA.json
[2026-02-07T18:47:00.104Z] Sentry: Pinging Markets...
✅ Sentry: Synced 18 assets to /Users/zerbytheboss/.openclaw/workspace/AION_MARKET_DATA.json
[2026-02-07T18:48:00.555Z] Sentry: Pinging Markets...
Crypto Fetch Error: HTTP 429: {"status":{"error_code":429,"error_message":"You've exceeded the Rate Limit. Please visit https://www.coingecko.com/en/api/pricing to subscribe to our API plans for higher rate limits."}}
✅ Sentry: Synced 15 assets to /Users/zerbytheboss/.openclaw/workspace/AION_MARKET_DATA.json
[2026-02-07T18:49:01.002Z] Sentry: Pinging Markets...
✅ Sentry: Synced 18 assets to /Users/zerbytheboss/.openclaw/workspace/AION_MARKET_DATA.json
[2026-02-07T18:50:01.796Z] Sentry: Pinging Markets...
✅ Sentry: Synced 18 assets to /Users/zerbytheboss/.openclaw/workspace/AION_MARKET_DATA.json
[2026-02-07T18:51:02.229Z] Sentry: Pinging Markets...
✅ Sentry: Synced 18 assets to /Users/zerbytheboss/.openclaw/workspace/AION_MARKET_DATA.json
[2026-02-07T18:52:02.552Z] Sentry: Pinging Markets...
✅ Sentry: Synced 18 assets to /Users/zerbytheboss/.openclaw/workspace/AION_MARKET_DATA.json
[2026-02-07T18:53:02.860Z] Sentry: Pinging Markets...
Crypto Fetch Error: HTTP 429: {"status":{"error_code":429,"error_message":"You've exceeded the Rate Limit. Please visit https://www.coingecko.com/en/api/pricing to subscribe to our API plans for higher rate limits."}}
✅ Sentry: Synced 15 assets to /Users/zerbytheboss/.openclaw/workspace/AION_MARKET_DATA.json
[2026-02-07T18:54:03.201Z] Sentry: Pinging Markets...
✅ Sentry: Synced 18 assets to /Users/zerbytheboss/.openclaw/workspace/AION_MARKET_DATA.json
[2026-02-07T18:55:03.555Z] Sentry: Pinging Markets...
✅ Sentry: Synced 18 assets to /Users/zerbytheboss/.openclaw/workspace/AION_MARKET_DATA.json
[2026-02-07T18:56:03.969Z] Sentry: Pinging Markets...
✅ Sentry: Synced 18 assets to /Users/zerbytheboss/.openclaw/workspace/AION_MARKET_DATA.json
[2026-02-07T18:57:04.406Z] Sentry: Pinging Markets...
Crypto Fetch Error: HTTP 429: {"status":{"error_code":429,"error_message":"You've exceeded the Rate Limit. Please visit https://www.coingecko.com/en/api/pricing to subscribe to our API plans for higher rate limits."}}
✅ Sentry: Synced 15 assets to /Users/zerbytheboss/.openclaw/workspace/AION_MARKET_DATA.json
[2026-02-07T18:58:04.782Z] Sentry: Pinging Markets...
✅ Sentry: Synced 18 assets to /Users/zerbytheboss/.openclaw/workspace/AION_MARKET_DATA.json
[2026-02-07T18:59:05.185Z] Sentry: Pinging Markets...
✅ Sentry: Synced 18 assets to /Users/zerbytheboss/.openclaw/workspace/AION_MARKET_DATA.json
[2026-02-07T19:00:05.518Z] Sentry: Pinging Markets...
✅ Sentry: Synced 18 assets to /Users/zerbytheboss/.openclaw/workspace/AION_MARKET_DATA.json
[2026-02-07T19:01:05.997Z] Sentry: Pinging Markets...
Crypto Fetch Error: HTTP 429: {"status":{"error_code":429,"error_message":"You've exceeded the Rate Limit. Please visit https://www.coingecko.com/en/api/pricing to subscribe to our API plans for higher rate limits."}}
✅ Sentry: Synced 15 assets to /Users/zerbytheboss/.openclaw/workspace/AION_MARKET_DATA.json
[2026-02-07T19:02:06.433Z] Sentry: Pinging Markets...
✅ Sentry: Synced 18 assets to /Users/zerbytheboss/.openclaw/workspace/AION_MARKET_DATA.json
[2026-02-07T19:03:06.791Z] Sentry: Pinging Markets...
Crypto Fetch Error: HTTP 429: {"status":{"error_code":429,"error_message":"You've exceeded the Rate Limit. Please visit https://www.coingecko.com/en/api/pricing to subscribe to our API plans for higher rate limits."}}
✅ Sentry: Synced 15 assets to /Users/zerbytheboss/.openclaw/workspace/AION_MARKET_DATA.json
[2026-02-07T19:04:07.226Z] Sentry: Pinging Markets...
✅ Sentry: Synced 18 assets to /Users/zerbytheboss/.openclaw/workspace/AION_MARKET_DATA.json
[2026-02-07T19:05:07.546Z] Sentry: Pinging Markets...
✅ Sentry: Synced 18 assets to /Users/zerbytheboss/.openclaw/workspace/AION_MARKET_DATA.json
